"STATION","NAME","DATE","AWND","AWND_ATTRIBUTES","PRCP","PRCP_ATTRIBUTES","SNOW","SNOW_ATTRIBUTES","SNWD","SNWD_ATTRIBUTES","TAVG","TAVG_ATTRIBUTES","TMAX","TMAX_ATTRIBUTES","TMIN","TMIN_ATTRIBUTES","WSF2","WSF2_ATTRIBUTES","WSF5","WSF5_ATTRIBUTES","WT01","WT01_ATTRIBUTES","WT02","WT02_ATTRIBUTES","WT03","WT03_ATTRIBUTES","WT04","WT04_ATTRIBUTES","WT05","WT05_ATTRIBUTES","WT06","WT06_ATTRIBUTES","WT07","WT07_ATTRIBUTES","WT08","WT08_ATTRIBUTES","WT09","WT09_ATTRIBUTES","WT10","WT10_ATTRIBUTES"
"USW00003017","DENVER INTERNATIONAL AIRPORT, CO US","2020-01-01","13.42",",,W","0.00",",,W,2400","0.0",",,W","0.0","T,,W","37","H,,S","50",",,W","24",",,W","40.0",",,W","53.0",",,W",,,,,,,,,,,,,,,,,,,,
"USW00003017","DENVER INTERNATIONAL AIRPORT, CO US","2020-01-02","7.61",",,W","0.00",",,W,2400","0.0",",,W","0.0",",,W","37","H,,S","45",",,W","27",",,W","15.0",",,W","19.9",",,W",,,,,,,,,,,,,,,,,,,,
"USW00003017","DENVER INTERNATIONAL AIRPORT, CO US","2020-01-03","11.41",",,W","0.00",",,W,2400","0.0",",,W","0.0",",,W","33","H,,S","48",",,W","19",",,W","25.9",",,W","33.1",",,W",,,,,,,,,,,,,,,,,,,,
"USW00003017","DENVER INTERNATIONAL AIRPORT, CO US","2020-01-04","13.20",",,W","0.00",",,W,2400","0.0",",,W","0.0",",,W","42","H,,S","62",",,W","28",",,W","32.0",",,W","40.9",",,W",,,,,,,,,,,,,,,,,,,,
"USW00003017","DENVER INTERNATIONAL AIRPORT, CO US","2020-01-05","14.32",",,W","0.00",",,W,2400","0.0",",,W","0.0",",,W","41","H,,S","45",",,W","23",",,W","30.0",",,W","38.0",",,W",,,,,,,,,,,,,,,,,,,,
"USW00003017","DENVER INTERNATIONAL AIRPORT, CO US","2020-01-06","18.12",",,W","0.00",",,W,2400","0.0",",,W","0.0",",,W","33","H,,S","43",",,W","23",",,W","36.0",",,W","47.0",",,W",,,,,,,,,,,,,,,,,,,,
"USW00003017","DENVER INTERNATIONAL AIRPORT, CO US","2020-01-07","11.41",",,W","0.00",",,W,2400","0.0",",,W","0.0",",,W","43","H,,S","58",",,W","27",",,W","25.9",",,W","38.0",",,W",,,,,,,,,,,,,,,,,,,,
"USW00003017","DENVER INTERNATIONAL AIRPORT, CO US","2020-01-08","14.09",",,W","0.00",",,W,2400","0.0",",,W","0.0",",,W","44","H,,S","62",",,W","28",",,W","23.9",",,W","34.0",",,W",,,,,,,,,,,,,,,,,,,,
"USW00003017","DENVER INTERNATIONAL AIRPORT, CO US","2020-01-09","12.53",",,W","0.00","T,,W,2400","0.0","T,,W","0.0",",,W","36","H,,S","43",",,W","24",",,W","32.0",",,W","42.1",",,W",,,,,,,,,,,,,,,,,,,,
"USW00003017","DENVER INTERNATIONAL AIRPORT, CO US","2020-01-10","10.29",",,W","0.00",",,W,2400","0.0",",,W","0.0",",,W","30","H,,S","31",",,W","9",",,W","21.0",",,W","27.1",",,W",,,,,,,,,,,,,,,,,,,,
"USW00003017","DENVER INTERNATIONAL AIRPORT, CO US","2020-01-11","7.61",",,W","0.00","T,,W,2400","0.0","T,,W","0.0",",,W","19","H,,S","43",",,W","7",",,W","17.0",",,W","23.0",",,W",,,,,,,,,,,,,,,,,,,,
"USW00003017","DENVER INTERNATIONAL AIRPORT, CO US","2020-01-12","7.83",",,W","0.00",",,W,2400","0.0",",,W","0.0",",,W","33","H,,S","44",",,W","20",",,W","17.0",",,W","23.9",",,W",,,,,,,,,,,,,,,,,,,,
"USW00003017","DENVER INTERNATIONAL AIRPORT, CO US","2020-01-13","10.07",",,W","0.00",",,W,2400","0.0",",,W","0.0",",,W","28","H,,S","46",",,W","15",",,W","33.1",",,W","40.0",",,W",,,,,,,,,,,,,,,,,,,,
"USW00003017","DENVER INTERNATIONAL AIRPORT, CO US","2020-01-14","10.74",",,W","0.00",",,W,2400","0.0",",,W","0.0",",,W","35","H,,S","58",",,W","19",",,W","23.9",",,W","33.1",",,W",,,,,,,,,,,,,,,,,,,,
"USW00003017","DENVER INTERNATIONAL AIRPORT, CO US","2020-01-15","15.88",",,W","0.00",",,W,2400","0.0",",,W","0.0",",,W","31","H,,S","47",",,W","15",",,W","29.1",",,W","36.9",",,W",,,,,,,,,,,,,,,,,,,,
"USW00003017","DENVER INTERNATIONAL AIRPORT, CO US","2020-01-16","6.93",",,W","0.00",",,W,2400","0.0",",,W","0.0",",,W","29","H,,S","37",",,W","18",",,W","23.9",",,W","34.0",",,W",,,,,,,,,,,,,,,,,,,,
"USW00003017","DENVER INTERNATIONAL AIRPORT, CO US","2020-01-17","15.21",",,W","0.00",",,W,2400","0.0",",,W","0.0",",,W","34","H,,S","55",",,W","19",",,W","32.0",",,W","45.0",",,W",,,,,,,,,,,,,,,,,,,,
"USW00003017","DENVER INTERNATIONAL AIRPORT, CO US","2020-01-18","8.95",",,W","0.00",",,W,2400","0.0",",,W","0.0",",,W","29","H,,S","45",",,W","12",",,W","19.9",",,W","23.0",",,W",,,,,,,,,,,,,,,,,,,,
"USW00003017","DENVER INTERNATIONAL AIRPORT, CO US","2020-01-19","6.26",",,W","0.00",",,W,2400","0.0",",,W","0.0",",,W","29","H,,S","46",",,W","11",",,W","15.0",",,W","17.0",",,W",,,,,,,,,,,,,,,,,,,,
"USW00003017","DENVER INTERNATIONAL AIRPORT, CO US","2020-01-20","8.05",",,W","0.00",",,W,2400","0.0",",,W","0.0",",,W","33","H,,S","52",",,W","18",",,W","14.1",",,W","19.0",",,W",,,,,,,,,,,,,,,,,,,,
"USW00003017","DENVER INTERNATIONAL AIRPORT, CO US","2020-01-21","3.80",",,W","0.00",",,W,2400","0.0",",,W","0.0",",,W","38","H,,S","52",",,W","30",",,W","12.1",",,W","13.0",",,W",,,,,,,,,,,,,,,,,,,,
"USW00003017","DENVER INTERNATIONAL AIRPORT, CO US","2020-01-22","8.95",",,W","0.00",",,W,2400","0.0",",,W","0.0",",,W","41","H,,S","54",",,W","30",",,W","21.0",",,W","25.9",",,W",,,,,,,,,,,,,,,,,,,,
"USW00003017","DENVER INTERNATIONAL AIRPORT, CO US","2020-01-23","9.62",",,W","0.00",",,W,2400","0.0",",,W","0.0",",,W","35","H,,S","42",",,W","27",",,W","19.9",",,W","25.9",",,W",,,,,,,,,,,,,,,,,,,,
"USW00003017","DENVER INTERNATIONAL AIRPORT, CO US","2020-01-24","7.61",",,W","0.00",",,W,2400","0.0",",,W","0.0",",,W","36","H,,S","57",",,W","19",",,W","15.0",",,W","19.0",",,W",,,,,,,,,,,,,,,,,,,,
"USW00003017","DENVER INTERNATIONAL AIRPORT, CO US","2020-01-25","7.16",",,W","0.00",",,W,2400","0.0",",,W","0.0",",,W","40","H,,S","54",",,W","30",",,W","14.1",",,W","19.0",",,W",,,,,,,,,,,,,,,,,,,,
"USW00003017","DENVER INTERNATIONAL AIRPORT, CO US","2020-01-26","8.95",",,W","0.00",",,W,2400","0.0",",,W","0.0",",,W","39","H,,S","53",",,W","23",",,W","14.1",",,W","21.9",",,W",,,,,,,,,,,,,,,,,,,,
"USW00003017","DENVER INTERNATIONAL AIRPORT, CO US","2020-01-27","6.26",",,W","0.13",",,W,2400","0.5",",,W","0.0",",,W","35","H,,S","41",",,W","24",",,W","13.0",",,W","16.1",",,W","    1",",,W",,,,,,,,,,,,,,,,,,
"USW00003017","DENVER INTERNATIONAL AIRPORT, CO US","2020-01-28","7.61",",,W","0.00",",,W,2400","0.0",",,W","0.0","T,,W","32","H,,S","41",",,W","22",",,W","13.0",",,W","17.0",",,W",,,,,,,,,,,,,,,,,,,,
"USW00003017","DENVER INTERNATIONAL AIRPORT, CO US","2020-01-29","6.71",",,W","0.00","T,,W,2400","0.0","T,,W","0.0",",,W","32","H,,S","41",",,W","24",",,W","13.0",",,W","17.0",",,W",,,,,,,,,,,,,,,,,,,,
"USW00003017","DENVER INTERNATIONAL AIRPORT, CO US","2020-01-30","12.30",",,W","0.01",",,W,2400","0.4",",,W","0.0",",,W","31","H,,S","40",",,W","20",",,W","36.9",",,W","50.1",",,W","    1",",,W",,,,,,,,,,,,,,,,,,
"USW00003017","DENVER INTERNATIONAL AIRPORT, CO US","2020-01-31","10.29",",,W","0.00",",,W,2400","0.0",",,W","0.0",",,W","32","H,,S","53",",,W","20",",,W","19.9",",,W","21.9",",,W",,,,,,,,,,,,,,,,,,,,
"USW00003017","DENVER INTERNATIONAL AIRPORT, CO US","2020-02-01","15.43",",,W","0.00",",,W,2400","0.0",",,W","0.0",",,W",,,"67",",,W","34",",,W","29.1",",,W","38.9",",,W",,,,,,,,,,,,,,,,,,,,
"USW00003017","DENVER INTERNATIONAL AIRPORT, CO US","2020-02-02","20.36",",,W","0.00",",,W,2400","0.0",",,W","0.0",",,W",,,"74",",,W","29",",,W","32.0",",,W","38.9",",,W",,,,,,,,,,,,,,,,,,,,
"USW00003017","DENVER INTERNATIONAL AIRPORT, CO US","2020-02-03","12.75",",,W","0.07",",,W,2400","2.5",",,W","0.0",",,W",,,"30",",,W","12",",,W","23.0",",,W","28.0",",,W","    1",",,W",,,,,,,,,"    1",",,W",,,,,,,,
"USW00003017","DENVER INTERNATIONAL AIRPORT, CO US","2020-02-04","5.82",",,W","0.05",",,W,2400","0.3",",,W","2.0",",,W",,,"17",",,W","-5",",,W","12.1",",,W","12.1",",,W","    1",",,W",,,,,,,,,,,,,"    1",",,W",,,,
"USW00003017","DENVER INTERNATIONAL AIRPORT, CO US","2020-02-05","7.61",",,W","0.00",",,W,2400","0.0",",,W","1.2",",,W",,,"26",",,W","-5",",,W","17.0",",,W","19.9",",,W",,,,,,,,,,,,,,,,,,,,
"USW00003017","DENVER INTERNATIONAL AIRPORT, CO US","2020-02-06","10.51",",,W","0.15",",,W,2400","3.0",",,W","1.2",",,W",,,"37",",,W","16",",,W","25.9",",,W","33.1",",,W","    1",",,W",,,,,,,,,,,,,,,,,,
"USW00003017","DENVER INTERNATIONAL AIRPORT, CO US","2020-02-07","10.51",",,W","0.14",",,W,2400","2.3",",,W","3.1",",,W",,,"28",",,W","19",",,W","16.1",",,W","19.0",",,W","    1",",,W","    1",",,W",,,,,,,,,,,"    1",",,W",,,,
"USW00003017","DENVER INTERNATIONAL AIRPORT, CO US","2020-02-08","7.38",",,W","0.00",",,W,2400","0.0",",,W","3.1",",,W",,,"47",",,W","13",",,W","21.9",",,W","28.0",",,W",,,,,,,,,,,,,,,,,,,,
"USW00003017","DENVER INTERNATIONAL AIRPORT, CO US","2020-02-09","10.29",",,W","0.09",",,W,2400","0.9",",,W","1.2",",,W",,,"33",",,W","8",",,W","21.0",",,W","25.9",",,W","    1",",,W",,,,,,,,,,,,,"    1",",,W",,,,
"USW00003017","DENVER INTERNATIONAL AIRPORT, CO US","2020-02-10","8.28",",,W","0.11",",,W,2400","1.8",",,W","2.0",",,W",,,"30",",,W","8",",,W","21.0",",,W","25.9",",,W","    1",",,W","    1",",,W",,,,,,,,,,,,,,,,
"USW00003017","DENVER INTERNATIONAL AIRPORT, CO US","2020-02-11","8.28",",,W","0.00","T,,W,2400","0.0","T,,W","3.9",",,W",,,"32",",,W","3",",,W","21.9",",,W","27.1",",,W","    1",",,W","    1",",,W",,,,,,,,,,,,,,,,
"USW00003017","DENVER INTERNATIONAL AIRPORT, CO US","2020-02-12","11.86",",,W","0.19",",,W,2400","5.0",",,W","3.9",",,W",,,"33",",,W","19",",,W","28.0",",,W","35.1",",,W","    1",",,W","    1",",,W",,,,,,,,,,,"    1",",,W",,,,
"USW00003017","DENVER INTERNATIONAL AIRPORT, CO US","2020-02-13","7.16",",,W","0.00","T,,W,2400","0.0","T,,W","7.1",",,W",,,"26",",,W","8",",,W","16.1",",,W","17.0",",,W","    1",",,W",,,,,,,,,,,,,"    1",",,W",,,,
"USW00003017","DENVER INTERNATIONAL AIRPORT, CO US","2020-02-14","8.50",",,W","0.00",",,W,2400","0.0",",,W","5.1",",,W",,,"56",",,W","7",",,W","25.1",",,W","31.1",",,W","    1",",,W","    1",",,W",,,,,,,,,,,"    1",",,W",,,,
"USW00003017","DENVER INTERNATIONAL AIRPORT, CO US","2020-02-15","11.86",",,W","0.00",",,W,2400","0.0",",,W","3.1",",,W",,,"37",",,W","17",",,W","23.0",",,W","27.1",",,W",,,,,,,,,,,,,,,,,,,,
"USW00003017","DENVER INTERNATIONAL AIRPORT, CO US","2020-02-16","7.61",",,W","0.00",",,W,2400","0.0",",,W","2.0",",,W",,,"48",",,W","22",",,W","16.1",",,W","18.1",",,W",,,,,,,,,,,,,,,,,,,,
"USW00003017","DENVER INTERNATIONAL AIRPORT, CO US","2020-02-17","9.62",",,W","0.01",",,W,2400","0.1",",,W","1.2",",,W",,,"37",",,W","21",",,W","25.1",",,W","32.0",",,W","    1",",,W",,,,,,,,,,,,,,,,,,
"USW00003017","DENVER INTERNATIONAL AIRPORT, CO US","2020-02-18","7.83",",,W","0.00","T,,W,2400","0.0","T,,W","1.2",",,W",,,"33",",,W","16",",,W","17.0",",,W","19.9",",,W","    1",",,W",,,,,,,,,,,,,,,,,,
"USW00003017","DENVER INTERNATIONAL AIRPORT, CO US","2020-02-19","9.17",",,W","0.07",",,W,2400","0.6",",,W","0.0","T,,W",,,"21",",,W","13",",,W","14.1",",,W","18.1",",,W","    1",",,W",,,,,,,,,,,,,,,,,,
"USW00003017","DENVER INTERNATIONAL AIRPORT, CO US","2020-02-20","6.04",",,W","0.00",",,W,2400","0.0","T,,W","1.2",",,W",,,"31",",,W","3",",,W","12.1",",,W","14.1",",,W","    1",",,W",,,,,,,,,,,,,,,,,,
"USW00003017","DENVER INTERNATIONAL AIRPORT, CO US","2020-02-21","11.63",",,W","0.00",",,W,2400","0.0",",,W","1.2",",,W",,,"46",",,W","16",",,W","21.0",",,W","25.1",",,W",,,,,,,,,,,,,,,,,,,,
"USW00003017","DENVER INTERNATIONAL AIRPORT, CO US","2020-02-22","10.51",",,W","0.00",",,W,2400","0.0",",,W","0.0","T,,W",,,"50",",,W","29",",,W","23.0",",,W","28.0",",,W",,,,,,,,,,,,,,,,,,,,
"USW00003017","DENVER INTERNATIONAL AIRPORT, CO US","2020-02-23","10.51",",,W","0.00","T,,W,2400","0.0","T,,W","0.0","T,,W",,,"42",",,W","29",",,W","21.9",",,W","27.1",",,W",,,,,,,,,,,,,,,,,,,,
"USW00003017","DENVER INTERNATIONAL AIRPORT, CO US","2020-02-24","14.99",",,W","0.00","T,,W,2400","0.0","T,,W","0.0","T,,W",,,"42",",,W","28",",,W","31.1",",,W","42.1",",,W","    1",",,W",,,,,,,,,,,,,,,,,,
"USW00003017","DENVER INTERNATIONAL AIRPORT, CO US","2020-02-25","19.01",",,W","0.00","T,,W,2400","0.0","T,,W","0.0","T,,W",,,"30",",,W","14",",,W","40.0",",,W","53.9",",,W",,,,,,,,,,,,,,,,,,,,
"USW00003017","DENVER INTERNATIONAL AIRPORT, CO US","2020-02-26","8.50",",,W","0.00",",,W,2400","0.0",",,W","0.0","T,,W",,,"41",",,W","10",",,W","14.1",",,W","18.1",",,W",,,,,,,,,,,,,,,,,,,,
"USW00003017","DENVER INTERNATIONAL AIRPORT, CO US","2020-02-27","9.84",",,W","0.00",",,W,2400","0.0",",,W","0.0",",,W",,,"49",",,W","27",",,W","19.9",",,W","27.1",",,W",,,,,,,,,,,,,,,,,,,,
"USW00003017","DENVER INTERNATIONAL AIRPORT, CO US","2020-02-28","7.83",",,W","0.00",",,W,2400","0.0",",,W","0.0",",,W",,,"56",",,W","31",",,W","16.1",",,W","21.9",",,W",,,,,,,,,,,,,,,,,,,,
"USW00003017","DENVER INTERNATIONAL AIRPORT, CO US","2020-02-29","9.84",",,W","0.00",",,W,2400","0.0",",,W","0.0",",,W",,,"58",",,W","32",",,W","18.1",",,W","21.9",",,W",,,,,,,,,,,,,,,,,,,,
"USW00003017","DENVER INTERNATIONAL AIRPORT, CO US","2020-03-01","10.51",",,W","0.03",",,W,2400","0.3",",,W","0.0",",,W","40","H,,S","44",",,W","26",",,W","19.9",",,W","25.9",",,W","    1",",,W",,,,,,,,,,,,,,,,,,
"USW00003017","DENVER INTERNATIONAL AIRPORT, CO US","2020-03-02","6.04",",,W","0.01",",,W,2400","0.2",",,W","0.0",",,W","29","H,,S","51",",,W","17",",,W","18.1",",,W","25.1",",,W","    1",",,W","    1",",,W",,,,,,,,,,,"    1",",,W",,,,
"USW00003017","DENVER INTERNATIONAL AIRPORT, CO US","2020-03-03","9.84",",,W","0.00",",,W,2400","0.0",",,W","0.0",",,W","41","H,,S","60",",,W","26",",,W","18.1",",,W","25.9",",,W",,,,,,,,,,,,,,,,,,,,
"USW00003017","DENVER INTERNATIONAL AIRPORT, CO US","2020-03-04","16.11",",,W","0.00",",,W,2400","0.0",",,W","0.0",",,W","44","H,,S","65",",,W","29",",,W","32.0",",,W","45.0",",,W",,,,,,,,,,,,,,,,,,,,
"USW00003017","DENVER INTERNATIONAL AIRPORT, CO US","2020-03-05","10.96",",,W","0.00",",,W,2400","0.0",",,W","0.0",",,W","41","H,,S","53",",,W","22",",,W","23.9",",,W","32.0",",,W",,,,,,,,,,,,,,,,,,,,
"USW00003017","DENVER INTERNATIONAL AIRPORT, CO US","2020-03-06","7.83",",,W","0.00",",,W,2400","0.0",",,W","0.0",",,W","45","H,,S","68",",,W","27",",,W","16.1",",,W","21.0",",,W",,,,,,,,,,,,,,,,,,,,
"USW00003017","DENVER INTERNATIONAL AIRPORT, CO US","2020-03-07","12.53",",,W","0.00",",,W,2400","0.0",",,W","0.0",",,W","52","H,,S","68",",,W","38",",,W","19.9",",,W","27.1",",,W",,,,,,,,,,,,,,,,,,,,
"USW00003017","DENVER INTERNATIONAL AIRPORT, CO US","2020-03-08","14.99",",,W","0.30",",,W,2400","0.0","T,,W","0.0",",,W","56","H,,S","68",",,W","38",",,W","30.0",",,W","40.0",",,W","    1",",,W",,,,,,,,,,,,,,,,,,
"USW00003017","DENVER INTERNATIONAL AIRPORT, CO US","2020-03-09","5.82",",,W","0.00","T,,W,2400","0.0",",,W","0.0",",,W","45","H,,S","59",",,W","37",",,W","18.1",",,W","23.9",",,W","    1",",,W",,,,,,,,,,,,,,,,,,
"USW00003017","DENVER INTERNATIONAL AIRPORT, CO US","2020-03-10","10.96",",,W","0.00",",,W,2400","0.0",",,W","0.0",",,W","48","H,,S","63",",,W","32",",,W","25.9",",,W","34.0",",,W",,,,,,,,,,,,,,,,,,,,
"USW00003017","DENVER INTERNATIONAL AIRPORT, CO US","2020-03-11","11.41",",,W","0.00",",,W,2400","0.0",",,W","0.0",",,W","49","H,,S","68",",,W","32",",,W","21.0",",,W","30.0",",,W",,,,,,,,,,,,,,,,,,,,
"USW00003017","DENVER INTERNATIONAL AIRPORT, CO US","2020-03-12","11.63",",,W","0.00",",,W,2400","0.0",",,W","0.0",",,W","47","H,,S","53",",,W","34",",,W","23.0",",,W","28.0",",,W",,,,,,,,,,,,,,,,,,,,
"USW00003017","DENVER INTERNATIONAL AIRPORT, CO US","2020-03-13","19.24",",,W","0.02",",,W,2400","0.0","T,,W","0.0",",,W","36","H,,S","40",",,W","28",",,W","40.0",",,W","52.1",",,W","    1",",,W",,,,,,,,,,,,,,,,,,
"USW00003017","DENVER INTERNATIONAL AIRPORT, CO US","2020-03-14","7.61",",,W","0.00",",,W,2400","0.0",",,W","0.0",",,W","34","H,,S","49",",,W","28",",,W","21.0",",,W","23.9",",,W",,,,,,,,,,,,,,,,,,,,
"USW00003017","DENVER INTERNATIONAL AIRPORT, CO US","2020-03-15","6.71",",,W","0.00",",,W,2400","0.0",",,W","0.0",",,W","40","H,,S","59",",,W","32",",,W","17.0",",,W","25.1",",,W",,,,,,,,,,,,,,,,,,,,
"USW00003017","DENVER INTERNATIONAL AIRPORT, CO US","2020-03-16","13.42",",,W","0.00",",,W,2400","0.0",",,W","0.0",",,W","45","H,,S","59",",,W","30",",,W","23.9",",,W","33.1",",,W","    1",",,W",,,,,,,,,,,,,,,,,,
"USW00003017","DENVER INTERNATIONAL AIRPORT, CO US","2020-03-17","6.71",",,W","0.00",",,W,2400","0.0",",,W","0.0",",,W","42","H,,S","59",",,W","33",",,W","17.0",",,W","21.9",",,W","    1",",,W",,,,,,,,,,,,,,,,,,
"USW00003017","DENVER INTERNATIONAL AIRPORT, CO US","2020-03-18","12.75",",,W","0.00",",,W,2400","0.0",",,W","0.0",",,W","49","H,,S","67",",,W","32",",,W","28.0",",,W","35.1",",,W",,,,,,,,,,,,,,,,,,,,
"USW00003017","DENVER INTERNATIONAL AIRPORT, CO US","2020-03-19","18.57",",,W","0.74",",,W,2400","6.0",",,W","0.0",",,W","40","H,,S","41",",,W","22",",,W","38.0",",,W","49.0",",,W","    1",",,W","    1",",,W",,,,,,,,,,,,,"    1",",,W",,
"USW00003017","DENVER INTERNATIONAL AIRPORT, CO US","2020-03-20","11.41",",,W","0.00","T,,W,2400","0.0","T,,W","5.9",",,W","22","H,,S","30",",,W","16",",,W","25.1",",,W","30.0",",,W","    1",",,W","    1",",,W",,,,,,,,,,,,,,,,
"USW00003017","DENVER INTERNATIONAL AIRPORT, CO US","2020-03-21","8.50",",,W","0.00",",,W,2400","0.0",",,W","5.1",",,W","27","H,,S","44",",,W","11",",,W","19.9",",,W","23.9",",,W","    1",",,W","    1",",,W",,,,,,,,,,,,,,,,
"USW00003017","DENVER INTERNATIONAL AIRPORT, CO US","2020-03-22","6.71",",,W","0.00",",,W,2400","0.0",",,W","3.1",",,W","38","H,,S","52",",,W","31",",,W","16.1",",,W","19.0",",,W",,,,,,,,,,,,,,,"    1",",,W",,,,
"USW00003017","DENVER INTERNATIONAL AIRPORT, CO US","2020-03-23","10.51",",,W","0.00",",,W,2400","0.0",",,W","1.2",",,W","44","H,,S","58",",,W","32",",,W","21.9",",,W","28.0",",,W",,,,,,,,,,,,,,,,,,,,
"USW00003017","DENVER INTERNATIONAL AIRPORT, CO US","2020-03-24","6.26",",,W","0.00",",,W,2400","0.0",",,W","0.0",",,W","46","H,,S","63",",,W","30",",,W","15.0",",,W","18.1",",,W",,,,,,,,,,,,,,,"    1",",,W",,,,
"USW00003017","DENVER INTERNATIONAL AIRPORT, CO US","2020-03-25","7.61",",,W","0.00",",,W,2400","0.0",",,W","0.0",",,W","51","H,,S","67",",,W","36",",,W","16.1",",,W","21.9",",,W",,,,,,,,,,,,,,,,,,,,
"USW00003017","DENVER INTERNATIONAL AIRPORT, CO US","2020-03-26","8.50",",,W","0.00",",,W,2400","0.0",",,W","0.0",",,W","42","H,,S","52",",,W","32",",,W","16.1",",,W","19.0",",,W","    1",",,W","    1",",,W",,,,,,,,,,,,,,,,
"USW00003017","DENVER INTERNATIONAL AIRPORT, CO US","2020-03-27","11.41",",,W","0.16",",,W,2400","1.0",",,W","0.0",",,W","38","H,,S","44",",,W","29",",,W","21.9",",,W","25.9",",,W","    1",",,W","    1",",,W",,,,,,,,,,,,,,,,
"USW00003017","DENVER INTERNATIONAL AIRPORT, CO US","2020-03-28","12.08",",,W","0.00",",,W,2400","0.0",",,W","1.2",",,W","36","H,,S","51",",,W","28",",,W","21.0",",,W","27.1",",,W",,,,,,,,,,,,,,,,,,,,
"USW00003017","DENVER INTERNATIONAL AIRPORT, CO US","2020-03-29","9.62",",,W","0.00",",,W,2400","0.0",",,W","0.0",",,W","41","H,,S","55",",,W","27",",,W","17.0",",,W","25.1",",,W",,,,,,,,,,,,,,,,,,,,
"USW00003017","DENVER INTERNATIONAL AIRPORT, CO US","2020-03-30","9.40",",,W","0.00",",,W,2400","0.0",",,W","0.0",",,W","43","H,,S","58",",,W","33",",,W","23.9",",,W","33.1",",,W",,,,,,,,,,,,,,,,,,,,
"USW00003017","DENVER INTERNATIONAL AIRPORT, CO US","2020-03-31","9.17",",,W","0.00",",,W,2400","0.0",",,W","0.0",",,W","49","H,,S","67",",,W","31",",,W","18.1",",,W","28.0",",,W",,,,,,,,,,,,,,,,,,,,
"USW00003017","DENVER INTERNATIONAL AIRPORT, CO US","2020-04-01","10.29",",,W","0.01",",,W,2400","0.0",",,W","0.0",",,W","53","H,,S","69",",,W","36",",,W","30.0",",,W","38.9",",,W","    1",",,W",,,,,,,,,,,,,,,,,,
"USW00003017","DENVER INTERNATIONAL AIRPORT, CO US","2020-04-02","12.08",",,W","0.05",",,W,2400","0.8",",,W","0.0",",,W","35","H,,S","37",",,W","16",",,W","21.0",",,W","25.1",",,W","    1",",,W","    1",",,W",,,,,,,"    1",",,W",,,,,,,,
"USW00003017","DENVER INTERNATIONAL AIRPORT, CO US","2020-04-03","9.40",",,W","0.00","T,,W,2400","0.0","T,,W","1.2",",,W","24","H,,S","43",",,W","15",",,W","23.0",",,W","29.1",",,W",,,,,,,,,,,,,,,,,,,,
"USW00003017","DENVER INTERNATIONAL AIRPORT, CO US","2020-04-04","10.74",",,W","0.00",",,W,2400","0.0",",,W","0.0",",,W","39","H,,S","59",",,W","24",",,W","23.0",",,W","31.1",",,W",,,,,,,,,,,,,,,,,,,,
"USW00003017","DENVER INTERNATIONAL AIRPORT, CO US","2020-04-05","10.07",",,W","0.00",",,W,2400","0.0",",,W","0.0",",,W","51","H,,S","70",",,W","34",",,W","21.9",",,W","28.0",",,W",,,,,,,,,,,,,,,,,,,,
"USW00003017","DENVER INTERNATIONAL AIRPORT, CO US","2020-04-06","8.50",",,W","0.00",",,W,2400","0.0",",,W","0.0",",,W","57","H,,S","73",",,W","40",",,W","17.0",",,W","23.9",",,W",,,,,,,,,,,,,,,,,,,,
"USW00003017","DENVER INTERNATIONAL AIRPORT, CO US","2020-04-07","7.61",",,W","0.00",",,W,2400","0.0",",,W","0.0",",,W","59","H,,S","73",",,W","41",",,W","18.1",",,W","27.1",",,W",,,,,,,,,,,,,,,,,,,,
"USW00003017","DENVER INTERNATIONAL AIRPORT, CO US","2020-04-08","6.49",",,W","0.00",",,W,2400","0.0",",,W","0.0",",,W","56","H,,S","69",",,W","35",",,W","19.9",",,W","23.9",",,W",,,,,,,,,,,,,,,,,,,,
"USW00003017","DENVER INTERNATIONAL AIRPORT, CO US","2020-04-09","9.40",",,W","0.00",",,W,2400","0.0",",,W","0.0",",,W","45","H,,S","58",",,W","31",",,W","23.0",",,W","29.1",",,W",,,,,,,,,,,,,,,,,,,,
"USW00003017","DENVER INTERNATIONAL AIRPORT, CO US","2020-04-10","9.62",",,W","0.00",",,W,2400","0.0",",,W","0.0",",,W","53","H,,S","73",",,W","37",",,W","19.9",",,W","25.9",",,W",,,,,,,,,,,,,,,,,,,,
"USW00003017","DENVER INTERNATIONAL AIRPORT, CO US","2020-04-11","11.41",",,W","0.00",",,W,2400","0.0",",,W","0.0",",,W","58","H,,S","70",",,W","34",",,W","36.9",",,W","44.1",",,W",,,,,,,,,,,,,,,,,,,,
"USW00003017","DENVER INTERNATIONAL AIRPORT, CO US","2020-04-12","13.42",",,W","0.03",",,W,2400","0.1",",,W","0.0","T,,W","33","H,,S","34",",,W","19",",,W","25.9",",,W","36.0",",,W","    1",",,W",,,,,,,,,,,,,"    1",",,W",,,,
"USW00003017","DENVER INTERNATIONAL AIRPORT, CO US","2020-04-13","9.17",",,W","0.08",",,W,2400","0.9",",,W","0.0","T,,W","20","H,,S","25",",,W","15",",,W","16.1",",,W","19.9",",,W","    1",",,W",,,,,,,,,,,,,"    1",",,W",,,,
"USW00003017","DENVER INTERNATIONAL AIRPORT, CO US","2020-04-14","9.17",",,W","0.00",",,W,2400","0.0",",,W","0.0",",,W","26","H,,S","46",",,W","11",",,W","18.1",",,W","25.1",",,W",,,,,,,,,,,,,,,,,,,,
"USW00003017","DENVER INTERNATIONAL AIRPORT, CO US","2020-04-15","11.41",",,W","0.02",",,W,2400","0.0","T,,W","0.0",",,W","39","H,,S","54",",,W","22",",,W","29.1",",,W","36.0",",,W","    1",",,W",,,,,,,,,,,,,,,,,,
"USW00003017","DENVER INTERNATIONAL AIRPORT, CO US","2020-04-16","13.20",",,W","0.25",",,W,2400","1.9",",,W","0.0","T,,W","31","H,,S","32",",,W","19",",,W","21.9",",,W","28.0",",,W","    1",",,W","    1",",,W",,,,,,,,,,,,,,,,
"USW00003017","DENVER INTERNATIONAL AIRPORT, CO US","2020-04-17","7.61",",,W","0.00",",,W,2400","0.0",",,W","1.2",",,W","28","H,,S","56",",,W","12",",,W","21.0",",,W","27.1",",,W","    1",",,W","    1",",,W",,,,,,,,,,,"    1",",,W",,,,
"USW00003017","DENVER INTERNATIONAL AIRPORT, CO US","2020-04-18","7.83",",,W","0.00",",,W,2400","0.0",",,W","0.0",",,W","44","H,,S","58",",,W","33",",,W","25.1",",,W","30.0",",,W",,,,,,,,,,,,,,,,,,,,
"USW00003017","DENVER INTERNATIONAL AIRPORT, CO US","2020-04-19","8.28",",,W","0.00",",,W,2400","0.0",",,W","0.0",",,W","46","H,,S","63",",,W","34",",,W","17.0",",,W","23.0",",,W",,,,,,,,,,,,,,,,,,,,
"USW00003017","DENVER INTERNATIONAL AIRPORT, CO US","2020-04-20","6.93",",,W","0.00",",,W,2400","0.0",",,W","0.0",",,W","50","H,,S","65",",,W","32",",,W","15.0",",,W","19.0",",,W",,,,,,,,,,,,,,,,,,,,
"USW00003017","DENVER INTERNATIONAL AIRPORT, CO US","2020-04-21","9.84",",,W","0.00",",,W,2400","0.0",",,W","0.0",",,W","53","H,,S","69",",,W","38",",,W","23.9",",,W","31.1",",,W",,,,,,,,,,,,,,,,,,,,
"USW00003017","DENVER INTERNATIONAL AIRPORT, CO US","2020-04-22","10.74",",,W","0.00","T,,W,2400","0.0",",,W","0.0",",,W","53","H,,S","67",",,W","41",",,W","25.1",",,W","38.9",",,W",,,,,,,,,,,,,,,,,,,,
"USW00003017","DENVER INTERNATIONAL AIRPORT, CO US","2020-04-23","11.86",",,W","0.04",",,W,2400","0.0",",,W","0.0",",,W","56","H,,S","69",",,W","40",",,W","23.9",",,W","33.1",",,W",,,,,,,,,,,,,,,,,,,,
"USW00003017","DENVER INTERNATIONAL AIRPORT, CO US","2020-04-24","12.08",",,W","0.06",",,W,2400","0.0",",,W","0.0",",,W","50","H,,S","60",",,W","38",",,W","38.0",",,W","46.1",",,W",,,,,,,,,,,,,,,,,,,,
"USW00003017","DENVER INTERNATIONAL AIRPORT, CO US","2020-04-25","6.71",",,W","0.00",",,W,2400","0.0",",,W","0.0",",,W","48","H,,S","64",",,W","38",",,W","21.0",",,W","27.1",",,W",,,,,,,,,,,,,,,,,,,,
"USW00003017","DENVER INTERNATIONAL AIRPORT, CO US","2020-04-26","12.08",",,W","0.00",",,W,2400","0.0",",,W","0.0",",,W","58","H,,S","74",",,W","43",",,W","29.1",",,W","38.9",",,W",,,,,,,,,,,,,,,,,,,,
"USW00003017","DENVER INTERNATIONAL AIRPORT, CO US","2020-04-27","7.61",",,W","0.00",",,W,2400","0.0",",,W","0.0",",,W","60","H,,S","79",",,W","41",",,W","19.9",",,W","32.0",",,W",,,,,,,,,,,,,,,,,,,,
"USW00003017","DENVER INTERNATIONAL AIRPORT, CO US","2020-04-28","10.29",",,W","0.00",",,W,2400","0.0",",,W","0.0",",,W","62","H,,S","73",",,W","40",",,W","25.1",",,W","38.0",",,W",,,,,,,,,,,,,,,,,,,,
"USW00003017","DENVER INTERNATIONAL AIRPORT, CO US","2020-04-29","6.93",",,W","0.00",",,W,2400","0.0",",,W","0.0",",,W","54","H,,S","71",",,W","38",",,W","18.1",",,W","23.0",",,W",,,,,,,,,,,,,,,,,,,,
"USW00003017","DENVER INTERNATIONAL AIRPORT, CO US","2020-04-30","9.40",",,W","0.00",",,W,2400","0.0",",,W","0.0",",,W","62","H,,S","81",",,W","44",",,W","23.9",",,W","32.0",",,W",,,,,,,,,,,,,,,,,,,,
"USW00003017","DENVER INTERNATIONAL AIRPORT, CO US","2020-05-01","12.30",",,W","0.00",",,W,2400","0.0",",,W","0.0",",,W","70","H,,S","85",",,W","49",",,W","38.9",",,W","49.0",",,W",,,,,,,,,,,,,,,,,,,,
"USW00003017","DENVER INTERNATIONAL AIRPORT, CO US","2020-05-02","13.42",",,W","0.35",",,W,2400","0.0",",,W","0.0",",,W","60","H,,S","68",",,W","49",",,W","25.1",",,W","32.0",",,W","    1",",,W",,,"    1",",,W",,,,,,,,,,,,,,
"USW00003017","DENVER INTERNATIONAL AIRPORT, CO US","2020-05-03","9.84",",,W","0.00",",,W,2400","0.0",",,W","0.0",",,W","57","H,,S","73",",,W","44",",,W","29.1",",,W","38.0",",,W","    1",",,W","    1",",,W",,,,,,,,,,,,,,,,
"USW00003017","DENVER INTERNATIONAL AIRPORT, CO US","2020-05-04","13.42",",,W","0.00",",,W,2400","0.0",",,W","0.0",",,W","57","H,,S","68",",,W","36",",,W","38.0",",,W","50.1",",,W",,,,,,,,,,,,,,,,,,,,
"USW00003017","DENVER INTERNATIONAL AIRPORT, CO US","2020-05-05","7.61",",,W","0.00",",,W,2400","0.0",",,W","0.0",",,W","51","H,,S","71",",,W","30",",,W","16.1",",,W","23.9",",,W",,,,,,,,,,,,,,,,,,,,
"USW00003017","DENVER INTERNATIONAL AIRPORT, CO US","2020-05-06","11.86",",,W","0.00",",,W,2400","0.0",",,W","0.0",",,W","55","H,,S","73",",,W","31",",,W","23.0",",,W","33.1",",,W",,,,,,,,,,,,,,,,,,,,
"USW00003017","DENVER INTERNATIONAL AIRPORT, CO US","2020-05-07","16.55",",,W","0.00",",,W,2400","0.0",",,W","0.0",",,W","58","H,,S","72",",,W","38",",,W","49.0",",,W","65.1",",,W",,,,,,,,,,,,,"    1",",,W","    1",",,W",,,,
"USW00003017","DENVER INTERNATIONAL AIRPORT, CO US","2020-05-08","12.30",",,W","0.00",",,W,2400","0.0",",,W","0.0",",,W","47","H,,S","63",",,W","33",",,W","23.9",",,W","33.1",",,W",,,,,,,,,,,,,,,,,,,,
"USW00003017","DENVER INTERNATIONAL AIRPORT, CO US","2020-05-09","15.43",",,W","0.00",",,W,2400","0.0",",,W","0.0",",,W","51","H,,S","60",",,W","39",",,W","29.1",",,W","38.0",",,W",,,,,,,,,,,,,,,,,,,,
"USW00003017","DENVER INTERNATIONAL AIRPORT, CO US","2020-05-10","9.40",",,W","0.00",",,W,2400","0.0",",,W","0.0",",,W","48","H,,S","65",",,W","33",",,W","21.0",",,W","27.1",",,W",,,,,,,,,,,,,,,,,,,,
"USW00003017","DENVER INTERNATIONAL AIRPORT, CO US","2020-05-11","8.72",",,W","0.11",",,W,2400","0.0",",,W","0.0",",,W","43","H,,S","53",",,W","36",",,W","25.1",",,W","32.0",",,W","    1",",,W",,,,,,,,,,,,,,,,,,
"USW00003017","DENVER INTERNATIONAL AIRPORT, CO US","2020-05-12","9.17",",,W","0.00",",,W,2400","0.0",",,W","0.0",",,W","51","H,,S","76",",,W","39",",,W","21.0",",,W","27.1",",,W","    1",",,W",,,,,,,,,,,,,"    1",",,W",,,,
"USW00003017","DENVER INTERNATIONAL AIRPORT, CO US","2020-05-13","9.17",",,W","0.00",",,W,2400","0.0",",,W","0.0",",,W","60","H,,S","79",",,W","41",",,W","21.9",",,W","30.0",",,W",,,,,,,,,,,,,,,,,,,,
"USW00003017","DENVER INTERNATIONAL AIRPORT, CO US","2020-05-14","10.07",",,W","0.02",",,W,2400","0.0",",,W","0.0",",,W","60","H,,S","70",",,W","47",",,W","23.9",",,W","32.0",",,W","    1",",,W",,,"    1",",,W",,,,,,,,,,,,,,
"USW00003017","DENVER INTERNATIONAL AIRPORT, CO US","2020-05-15","10.07",",,W","0.14",",,W,2400","0.0",",,W","0.0",",,W","56","H,,S","70",",,W","47",",,W","25.1",",,W","33.1",",,W","    1",",,W",,,"    1",",,W",,,,,,,,,,,,,,
"USW00003017","DENVER INTERNATIONAL AIRPORT, CO US","2020-05-16","9.40",",,W","0.00","T,,W,2400","0.0",",,W","0.0",",,W","57","H,,S","70",",,W","48",",,W","21.0",",,W","25.9",",,W",,,,,,,,,,,,,,,,,,,,
"USW00003017","DENVER INTERNATIONAL AIRPORT, CO US","2020-05-17","8.50",",,W","0.00",",,W,2400","0.0",",,W","0.0",",,W","57","H,,S","77",",,W","41",",,W","18.1",",,W","23.9",",,W",,,,,,,,,,,,,,,,,,,,
"USW00003017","DENVER INTERNATIONAL AIRPORT, CO US","2020-05-18","13.42",",,W","0.00",",,W,2400","0.0",",,W","0.0",",,W","65","H,,S","88",",,W","50",",,W","33.1",",,W","44.1",",,W","    1",",,W",,,,,,,,,,,,,"    1",",,W",,,,
"USW00003017","DENVER INTERNATIONAL AIRPORT, CO US","2020-05-19","15.66",",,W","0.00",",,W,2400","0.0",",,W","0.0",",,W","73","H,,S","92",",,W","54",",,W","38.0",",,W","51.0",",,W",,,,,,,,,,,,,,,,,,,,
"USW00003017","DENVER INTERNATIONAL AIRPORT, CO US","2020-05-20","19.01",",,W","0.00",",,W,2400","0.0",",,W","0.0",",,W","73","H,,S","90",",,W","54",",,W","38.9",",,W","53.0",",,W",,,,,,,,,,,,,,,,,,,,
"USW00003017","DENVER INTERNATIONAL AIRPORT, CO US","2020-05-21","7.61",",,W","0.00",",,W,2400","0.0",",,W","0.0",",,W","63","H,,S","75",",,W","45",",,W","18.1",",,W","23.9",",,W",,,,,,,,,,,,,,,,,,,,
"USW00003017","DENVER INTERNATIONAL AIRPORT, CO US","2020-05-22","14.09",",,W","0.00",",,W,2400","0.0",",,W","0.0",",,W","64","H,,S","83",",,W","45",",,W","36.0",",,W","47.0",",,W",,,,,,,,,,,,,,,,,,,,
"USW00003017","DENVER INTERNATIONAL AIRPORT, CO US","2020-05-23","11.41",",,W","0.00","T,,W,2400","0.0",",,W","0.0",",,W","66","H,,S","80",",,W","49",",,W","32.0",",,W","42.1",",,W",,,,,"    1",",,W",,,,,,,,,,,,,,
"USW00003017","DENVER INTERNATIONAL AIRPORT, CO US","2020-05-24","8.05",",,W","0.94",",,W,2400","0.0",",,W","0.0",",,W","56","H,,S","65",",,W","43",",,W","21.9",",,W","30.0",",,W","    1",",,W",,,,,,,,,,,,,,,,,,
"USW00003017","DENVER INTERNATIONAL AIRPORT, CO US","2020-05-25","6.49",",,W","0.00",",,W,2400","0.0",",,W","0.0",",,W","49","H,,S","65",",,W","40",",,W","15.0",",,W","21.0",",,W","    1",",,W",,,,,,,,,,,,,,,,,,
"USW00003017","DENVER INTERNATIONAL AIRPORT, CO US","2020-05-26","8.28",",,W","0.00",",,W,2400","0.0",",,W","0.0",",,W","58","H,,S","77",",,W","44",",,W","16.1",",,W","23.0",",,W",,,,,,,,,,,,,,,,,,,,
"USW00003017","DENVER INTERNATIONAL AIRPORT, CO US","2020-05-27","8.50",",,W","0.03",",,W,2400","0.0",",,W","0.0",",,W","66","H,,S","82",",,W","50",",,W","21.0",",,W","32.0",",,W",,,,,"    1",",,W",,,,,,,,,,,,,,
"USW00003017","DENVER INTERNATIONAL AIRPORT, CO US","2020-05-28","7.61",",,W","0.06",",,W,2400","0.0",",,W","0.0",",,W","62","H,,S","74",",,W","54",",,W","14.1",",,W","19.0",",,W",,,,,"    1",",,W",,,,,,,,,,,,,,
"USW00003017","DENVER INTERNATIONAL AIRPORT, CO US","2020-05-29","8.50",",,W","0.00",",,W,2400","0.0",",,W","0.0",",,W","68","H,,S","88",",,W","53",",,W","25.1",",,W","31.1",",,W",,,,,"    1",",,W",,,,,,,,,,,,,,
"USW00003017","DENVER INTERNATIONAL AIRPORT, CO US","2020-05-30","9.17",",,W","0.00",",,W,2400","0.0",",,W","0.0",",,W","71","H,,S","83",",,W","56",",,W","17.0",",,W","23.0",",,W",,,,,,,,,,,,,,,,,,,,
"USW00003017","DENVER INTERNATIONAL AIRPORT, CO US","2020-05-31","8.28",",,W","0.00",",,W,2400","0.0",",,W","0.0",",,W","71","H,,S","89",",,W","53",",,W","25.1",",,W","36.0",",,W",,,,,,,,,,,,,,,,,,,,
"USW00003017","DENVER INTERNATIONAL AIRPORT, CO US","2020-06-01","7.61",",,W","0.00",",,W,2400","0.0",",,W","0.0",",,W","75","H,,S","93",",,W","59",",,W","15.0",",,W","21.0",",,W",,,,,,,,,,,,,,,,,,,,
"USW00003017","DENVER INTERNATIONAL AIRPORT, CO US","2020-06-02","10.51",",,W","0.00",",,W,2400","0.0",",,W","0.0",",,W","77","H,,S","89",",,W","60",",,W","23.0",",,W","32.0",",,W",,,,,,,,,,,,,,,,,,,,
"USW00003017","DENVER INTERNATIONAL AIRPORT, CO US","2020-06-03","9.40",",,W","0.00",",,W,2400","0.0",",,W","0.0",",,W","73","H,,S","92",",,W","53",",,W","29.1",",,W","38.0",",,W",,,,,"    1",",,W",,,,,,,,,,,,,,
"USW00003017","DENVER INTERNATIONAL AIRPORT, CO US","2020-06-04","12.30",",,W","0.00","T,,W,2400","0.0",",,W","0.0",",,W","74","H,,S","90",",,W","59",",,W","46.1",",,W","57.9",",,W",,,,,"    1",",,W",,,,,,,"    1",",,W","    1",",,W",,,,
"USW00003017","DENVER INTERNATIONAL AIRPORT, CO US","2020-06-05","11.41",",,W","0.00",",,W,2400","0.0",",,W","0.0",",,W","78","H,,S","96",",,W","59",",,W","31.1",",,W","40.0",",,W",,,,,,,,,,,,,,,,,,,,
"USW00003017","DENVER INTERNATIONAL AIRPORT, CO US","2020-06-06","18.79",",,W","0.05",",,W,2400","0.0",",,W","0.0",",,W","78","H,,S","90",",,W","56",",,W","57.9",",,W","78.1",",,W",,,,,"    1",",,W",,,,,,,"    1",",,W","    1",",,W",,,,
"USW00003017","DENVER INTERNATIONAL AIRPORT, CO US","2020-06-07","17.00",",,W","0.00",",,W,2400","0.0",",,W","0.0",",,W","71","H,,S","92",",,W","51",",,W","38.9",",,W","52.1",",,W",,,,,,,,,,,,,,,,,,,,
"USW00003017","DENVER INTERNATIONAL AIRPORT, CO US","2020-06-08","16.33",",,W","0.00","T,,W,2400","0.0",",,W","0.0",",,W","68","H,,S","80",",,W","44",",,W","40.9",",,W","57.9",",,W",,,,,"    1",",,W",,,,,,,,,"    1",",,W",,,,
"USW00003017","DENVER INTERNATIONAL AIRPORT, CO US","2020-06-09","20.58",",,W","0.46",",,W,2400","0.0",",,W","0.0",",,W","53","H,,S","68",",,W","42",",,W","40.0",",,W","53.0",",,W","    1",",,W",,,,,,,,,,,,,,,,,,
"USW00003017","DENVER INTERNATIONAL AIRPORT, CO US","2020-06-10","8.50",",,W","0.00",",,W,2400","0.0",",,W","0.0",",,W","60","H,,S","77",",,W","41",",,W","17.0",",,W","21.9",",,W",,,,,,,,,,,,,,,,,,,,
"USW00003017","DENVER INTERNATIONAL AIRPORT, CO US","2020-06-11","7.61",",,W","0.00",",,W,2400","0.0",",,W","0.0",",,W","67","H,,S","83",",,W","52",",,W","14.1",",,W","17.0",",,W",,,,,,,,,,,,,,,,,,,,
"USW00003017","DENVER INTERNATIONAL AIRPORT, CO US","2020-06-12","14.32",",,W","0.00",",,W,2400","0.0",",,W","0.0",",,W","73","H,,S","91",",,W","54",",,W","28.0",",,W","36.9",",,W",,,,,,,,,,,,,,,,,,,,
"USW00003017","DENVER INTERNATIONAL AIRPORT, CO US","2020-06-13","10.51",",,W","0.03",",,W,2400","0.0",",,W","0.0",",,W","73","H,,S","92",",,W","57",",,W","29.1",",,W","42.9",",,W",,,,,"    1",",,W",,,,,,,,,,,,,,
"USW00003017","DENVER INTERNATIONAL AIRPORT, CO US","2020-06-14","15.66",",,W","0.00",",,W,2400","0.0",",,W","0.0",",,W","77","H,,S","93",",,W","63",",,W","30.0",",,W","40.0",",,W",,,,,,,,,,,,,,,,,,,,
"USW00003017","DENVER INTERNATIONAL AIRPORT, CO US","2020-06-15","9.62",",,W","0.00",",,W,2400","0.0",",,W","0.0",",,W","77","H,,S","93",",,W","51",",,W","28.0",",,W","40.9",",,W",,,,,,,,,,,,,,,,,,,,
"USW00003017","DENVER INTERNATIONAL AIRPORT, CO US","2020-06-16","15.88",",,W","0.00",",,W,2400","0.0",",,W","0.0",",,W","81","H,,S","96",",,W","59",",,W","33.1",",,W","45.0",",,W",,,,,,,,,,,,,,,,,,,,
"USW00003017","DENVER INTERNATIONAL AIRPORT, CO US","2020-06-17","10.96",",,W","0.00",",,W,2400","0.0",",,W","0.0",",,W","78","H,,S","96",",,W","56",",,W","28.0",",,W","42.1",",,W",,,,,,,,,,,,,,,,,,,,
"USW00003017","DENVER INTERNATIONAL AIRPORT, CO US","2020-06-18","11.41",",,W","0.03",",,W,2400","0.0",",,W","0.0",",,W","66","H,,S","71",",,W","52",",,W","21.9",",,W","31.1",",,W",,,,,,,,,,,,,,,,,,,,
"USW00003017","DENVER INTERNATIONAL AIRPORT, CO US","2020-06-19","7.16",",,W","0.06",",,W,2400","0.0",",,W","0.0",",,W","58","H,,S","68",",,W","51",",,W","23.9",",,W","30.0",",,W",,,,,"    1",",,W",,,,,,,,,,,,,,
"USW00003017","DENVER INTERNATIONAL AIRPORT, CO US","2020-06-20","8.05",",,W","0.00",",,W,2400","0.0",",,W","0.0",",,W","65","H,,S","86",",,W","46",",,W","19.9",",,W","25.1",",,W",,,,,,,,,,,,,,,,,,,,
"USW00003017","DENVER INTERNATIONAL AIRPORT, CO US","2020-06-21","9.84",",,W","0.00","T,,W,2400","0.0",",,W","0.0",",,W","73","H,,S","85",",,W","56",",,W","40.0",",,W","55.0",",,W",,,,,"    1",",,W",,,,,,,"    1",",,W","    1",",,W",,,,
"USW00003017","DENVER INTERNATIONAL AIRPORT, CO US","2020-06-22","7.61",",,W","0.00","T,,W,2400","0.0",",,W","0.0",",,W","67","H,,S","84",",,W","56",",,W","17.0",",,W","23.9",",,W",,,,,,,,,,,,,,,,,,,,
"USW00003017","DENVER INTERNATIONAL AIRPORT, CO US","2020-06-23","7.38",",,W","0.00",",,W,2400","0.0",",,W","0.0",",,W","71","H,,S","88",",,W","52",",,W","21.0",",,W","25.1",",,W",,,,,,,,,,,,,,,,,,,,
"USW00003017","DENVER INTERNATIONAL AIRPORT, CO US","2020-06-24","8.72",",,W","0.02",",,W,2400","0.0",",,W","0.0",",,W","76","H,,S","94",",,W","57",",,W","32.0",",,W","47.0",",,W",,,,,"    1",",,W",,,,,,,,,"    1",",,W",,,,
"USW00003017","DENVER INTERNATIONAL AIRPORT, CO US","2020-06-25","12.97",",,W","0.00","T,,W,2400","0.0",",,W","0.0",",,W","77","H,,S","96",",,W","57",",,W","36.9",",,W","51.0",",,W",,,,,"    1",",,W",,,,,,,,,,,,,,
"USW00003017","DENVER INTERNATIONAL AIRPORT, CO US","2020-06-26","9.84",",,W","0.06",",,W,2400","0.0",",,W","0.0",",,W","71","H,,S","83",",,W","57",",,W","45.0",",,W","64.0",",,W",,,,,"    1",",,W",,,,,,,,,,,,,,
"USW00003017","DENVER INTERNATIONAL AIRPORT, CO US","2020-06-27","9.84",",,W","0.00","T,,W,2400","0.0",",,W","0.0",",,W","71","H,,S","92",",,W","54",",,W","23.9",",,W","30.0",",,W",,,,,,,,,,,,,,,,,,,,
"USW00003017","DENVER INTERNATIONAL AIRPORT, CO US","2020-06-28","11.18",",,W","0.00","T,,W,2400","0.0",",,W","0.0",",,W","78","H,,S","93",",,W","65",",,W","32.0",",,W","53.9",",,W",,,,,,,,,,,,,,,,,,,,
"USW00003017","DENVER INTERNATIONAL AIRPORT, CO US","2020-06-29","9.62",",,W","0.00",",,W,2400","0.0",",,W","0.0",",,W","77","H,,S","96",",,W","59",",,W","21.0",",,W","29.1",",,W",,,,,,,,,,,,,,,,,,,,
"USW00003017","DENVER INTERNATIONAL AIRPORT, CO US","2020-06-30","8.72",",,W","0.00",",,W,2400","0.0",",,W","0.0",",,W","72","H,,S","85",",,W","53",",,W","25.1",",,W","38.9",",,W",,,,,,,,,,,,,,,,,,,,
"USW00003017","DENVER INTERNATIONAL AIRPORT, CO US","2020-07-01","14.54",",,W","0.00",",,W,2400","0.0",",,W","0.0",",,W","71","H,,S","88",",,W","52",",,W","25.1",",,W","36.0",",,W",,,,,,,,,,,,,,,,,,,,
"USW00003017","DENVER INTERNATIONAL AIRPORT, CO US","2020-07-02","14.76",",,W","0.00",",,W,2400","0.0",",,W","0.0",",,W","77","H,,S","97",",,W","59",",,W","32.0",",,W","42.9",",,W",,,,,,,,,,,,,,,,,,,,
"USW00003017","DENVER INTERNATIONAL AIRPORT, CO US","2020-07-03","13.87",",,W","0.00",",,W,2400","0.0",",,W","0.0",",,W","76","H,,S","94",",,W","62",",,W","32.0",",,W","40.9",",,W",,,,,"    1",",,W",,,,,,,,,,,,,,
"USW00003017","DENVER INTERNATIONAL AIRPORT, CO US","2020-07-04","10.07",",,W","0.07",",,W,2400","0.0",",,W","0.0",",,W","76","H,,S","93",",,W","61",",,W","30.0",",,W","40.0",",,W","    1",",,W",,,"    1",",,W",,,,,,,,,,,,,,
"USW00003017","DENVER INTERNATIONAL AIRPORT, CO US","2020-07-05","10.74",",,W","0.00",",,W,2400","0.0",",,W","0.0",",,W","71","H,,S","92",",,W","59",",,W","21.9",",,W","35.1",",,W",,,,,,,,,,,,,,,,,,,,
"USW00003017","DENVER INTERNATIONAL AIRPORT, CO US","2020-07-06","11.41",",,W","0.00",",,W,2400","0.0",",,W","0.0",",,W","76","H,,S","97",",,W","55",",,W","25.1",",,W","33.1",",,W",,,,,,,,,,,,,,,,,,,,
"USW00003017","DENVER INTERNATIONAL AIRPORT, CO US","2020-07-07","15.88",",,W","0.00",",,W,2400","0.0",",,W","0.0",",,W","83","H,,S","99",",,W","67",",,W","30.0",",,W","40.0",",,W",,,,,,,,,,,,,,,,,,,,
"USW00003017","DENVER INTERNATIONAL AIRPORT, CO US","2020-07-08","7.83",",,W","0.00",",,W,2400","0.0",",,W","0.0",",,W","80","H,,S","98",",,W","56",",,W","21.9",",,W","28.0",",,W",,,,,,,,,,,,,,,,,,,,
"USW00003017","DENVER INTERNATIONAL AIRPORT, CO US","2020-07-09","11.41",",,W","0.03",",,W,2400","0.0","T,,W","0.0",",,W","79","H,,S","95",",,W","62",",,W","25.1",",,W","36.0",",,W",,,,,"    1",",,W",,,"    1",",,W",,,,,,,,,,
"USW00003017","DENVER INTERNATIONAL AIRPORT, CO US","2020-07-10","7.61",",,W","0.00",",,W,2400","0.0",",,W","0.0",",,W","79","H,,S","99",",,W","62",",,W","18.1",",,W","25.1",",,W",,,,,,,,,,,,,,,,,,,,
"USW00003017","DENVER INTERNATIONAL AIRPORT, CO US","2020-07-11","11.41",",,W","0.00",",,W,2400","0.0",",,W","0.0",",,W","79","H,,S","95",",,W","65",",,W","21.0",",,W","29.1",",,W",,,,,,,,,,,,,,,,,,,,
"USW00003017","DENVER INTERNATIONAL AIRPORT, CO US","2020-07-12","12.30",",,W","0.00",",,W,2400","0.0",",,W","0.0",",,W","82","H,,S","97",",,W","66",",,W","28.0",",,W","40.0",",,W",,,,,,,,,,,,,,,,,,,,
"USW00003017","DENVER INTERNATIONAL AIRPORT, CO US","2020-07-13","11.86",",,W","0.15",",,W,2400","0.0",",,W","0.0",",,W","82","H,,S","98",",,W","66",",,W","36.9",",,W","49.0",",,W",,,,,"    1",",,W",,,,,,,,,,,,,,
"USW00003017","DENVER INTERNATIONAL AIRPORT, CO US","2020-07-14","10.74",",,W","0.04",",,W,2400","0.0",",,W","0.0",",,W","71","H,,S","80",",,W","60",",,W","28.0",",,W","36.9",",,W","    1",",,W",,,"    1",",,W",,,,,,,,,,,,,,
"USW00003017","DENVER INTERNATIONAL AIRPORT, CO US","2020-07-15","11.86",",,W","0.00",",,W,2400","0.0",",,W","0.0",",,W","68","H,,S","79",",,W","60",",,W","30.0",",,W","40.0",",,W","    1",",,W","    1",",,W",,,,,,,,,,,"    1",",,W",,,,
"USW00003017","DENVER INTERNATIONAL AIRPORT, CO US","2020-07-16","13.65",",,W","0.00",",,W,2400","0.0",",,W","0.0",",,W","75","H,,S","96",",,W","58",",,W","32.0",",,W","42.1",",,W",,,,,,,,,,,,,,,,,,,,
"USW00003017","DENVER INTERNATIONAL AIRPORT, CO US","2020-07-17","10.74",",,W","0.00","T,,W,2400","0.0",",,W","0.0",",,W","79","H,,S","98",",,W","64",",,W","25.9",",,W","33.1",",,W",,,,,,,,,,,,,,,,,,,,
"USW00003017","DENVER INTERNATIONAL AIRPORT, CO US","2020-07-18","10.51",",,W","0.00",",,W,2400","0.0",",,W","0.0",",,W","83","H,,S","99",",,W","66",",,W","38.0",",,W","55.9",",,W",,,,,,,,,,,,,,,,,,,,
"USW00003017","DENVER INTERNATIONAL AIRPORT, CO US","2020-07-19","12.53",",,W","0.00",",,W,2400","0.0",",,W","0.0",",,W","76","H,,S","92",",,W","59",",,W","36.0",",,W","47.0",",,W",,,,,,,,,,,,,,,,,,,,
"USW00003017","DENVER INTERNATIONAL AIRPORT, CO US","2020-07-20","10.74",",,W","0.00",",,W,2400","0.0",",,W","0.0",",,W","78","H,,S","93",",,W","63",",,W","23.9",",,W","30.0",",,W",,,,,,,,,,,,,,,,,,,,
"USW00003017","DENVER INTERNATIONAL AIRPORT, CO US","2020-07-21","10.74",",,W","0.00",",,W,2400","0.0",",,W","0.0",",,W","74","H,,S","92",",,W","58",",,W","30.0",",,W","38.0",",,W",,,,,,,,,,,,,,,,,,,,
"USW00003017","DENVER INTERNATIONAL AIRPORT, CO US","2020-07-22","9.40",",,W","0.00","T,,W,2400","0.0",",,W","0.0",",,W","75","H,,S","97",",,W","59",",,W","35.1",",,W","46.1",",,W",,,,,"    1",",,W",,,,,,,,,,,,,,
"USW00003017","DENVER INTERNATIONAL AIRPORT, CO US","2020-07-23","7.16",",,W","0.00",",,W,2400","0.0",",,W","0.0",",,W","79","H,,S","93",",,W","65",",,W","21.9",",,W","28.0",",,W",,,,,,,,,,,,,,,,,,,,
"USW00003017","DENVER INTERNATIONAL AIRPORT, CO US","2020-07-24","9.84",",,W","0.27",",,W,2400","0.0",",,W","0.0",",,W","79","H,,S","92",",,W","66",",,W","38.0",",,W","53.9",",,W","    1",",,W",,,"    1",",,W",,,,,,,,,,,,,,
"USW00003017","DENVER INTERNATIONAL AIRPORT, CO US","2020-07-25","10.51",",,W","0.24",",,W,2400","0.0",",,W","0.0",",,W","73","H,,S","89",",,W","62",",,W","25.9",",,W","36.0",",,W",,,,,,,,,,,,,,,,,,,,
"USW00003017","DENVER INTERNATIONAL AIRPORT, CO US","2020-07-26","8.05",",,W","0.00","T,,W,2400","0.0",",,W","0.0",",,W","71","H,,S","83",",,W","61",",,W","21.9",",,W","30.0",",,W",,,,,,,,,,,,,,,,,,,,
"USW00003017","DENVER INTERNATIONAL AIRPORT, CO US","2020-07-27","9.17",",,W","0.00",",,W,2400","0.0",",,W","0.0",",,W","70","H,,S","87",",,W","56",",,W","23.9",",,W","32.0",",,W","    1",",,W",,,,,,,,,,,,,,,,,,
"USW00003017","DENVER INTERNATIONAL AIRPORT, CO US","2020-07-28","9.40",",,W","0.03",",,W,2400","0.0",",,W","0.0",",,W","72","H,,S","88",",,W","61",",,W","40.0",",,W","53.9",",,W",,,,,"    1",",,W",,,,,,,,,,,,,,
"USW00003017","DENVER INTERNATIONAL AIRPORT, CO US","2020-07-29","12.08",",,W","0.00",",,W,2400","0.0",",,W","0.0",",,W","74","H,,S","93",",,W","61",",,W","25.9",",,W","34.0",",,W",,,,,,,,,,,,,,,,,,,,
"USW00003017","DENVER INTERNATIONAL AIRPORT, CO US","2020-07-30","8.28",",,W","0.01",",,W,2400","0.0",",,W","0.0",",,W","70","H,,S","80",",,W","58",",,W","21.9",",,W","31.1",",,W",,,,,,,,,,,,,,,,,,,,
"USW00003017","DENVER INTERNATIONAL AIRPORT, CO US","2020-07-31","7.61",",,W","0.11",",,W,2400","0.0",",,W","0.0",",,W","69","H,,S","90",",,W","53",",,W","19.9",",,W","29.1",",,W",,,,,"    1",",,W",,,,,,,,,,,,,,
"USW00003017","DENVER INTERNATIONAL AIRPORT, CO US","2020-08-01","6.93",",,W","0.02",",,W,2400","0.0",",,W","0.0",",,W","74","H,,S","91",",,W","56",",,W","29.1",",,W","42.9",",,W",,,,,"    1",",,W",,,,,,,,,"    1",",,W",,,,
"USW00003017","DENVER INTERNATIONAL AIRPORT, CO US","2020-08-02","7.38",",,W","0.00",",,W,2400","0.0",",,W","0.0",",,W","71","H,,S","88",",,W","57",",,W","21.9",",,W","29.1",",,W",,,,,,,,,,,,,,,,,,,,
"USW00003017","DENVER INTERNATIONAL AIRPORT, CO US","2020-08-03","8.05",",,W","0.00","T,,W,2400","0.0",",,W","0.0",",,W","73","H,,S","90",",,W","58",",,W","23.9",",,W","32.0",",,W",,,,,,,,,,,,,,,,,,,,
"USW00003017","DENVER INTERNATIONAL AIRPORT, CO US","2020-08-04","9.40",",,W","0.00","T,,W,2400","0.0",",,W","0.0",",,W","77","H,,S","94",",,W","61",",,W","35.1",",,W","47.0",",,W",,,,,"    1",",,W",,,,,,,,,,,,,,
"USW00003017","DENVER INTERNATIONAL AIRPORT, CO US","2020-08-05","9.84",",,W","0.00","T,,W,2400","0.0",",,W","0.0",",,W","74","H,,S","95",",,W","58",",,W","21.9",",,W","30.0",",,W",,,,,"    1",",,W",,,,,,,,,,,,,,
"USW00003017","DENVER INTERNATIONAL AIRPORT, CO US","2020-08-06","8.28",",,W","0.00",",,W,2400","0.0",",,W","0.0",",,W","75","H,,S","92",",,W","61",",,W","32.0",",,W","47.0",",,W",,,,,"    1",",,W",,,,,,,,,,,,,,
"USW00003017","DENVER INTERNATIONAL AIRPORT, CO US","2020-08-07","9.40",",,W","0.00",",,W,2400","0.0",",,W","0.0",",,W","79","H,,S","97",",,W","67",",,W","23.9",",,W","32.0",",,W",,,,,,,,,,,,,,,,,,,,
"USW00003017","DENVER INTERNATIONAL AIRPORT, CO US","2020-08-08","8.50",",,W","0.00",",,W,2400","0.0",",,W","0.0",",,W","81","H,,S","97",",,W","65",",,W","17.0",",,W","23.9",",,W",,,,,,,,,,,,,,,,,,,,
"USW00003017","DENVER INTERNATIONAL AIRPORT, CO US","2020-08-09","8.95",",,W","0.00",",,W,2400","0.0",",,W","0.0",",,W","81","H,,S","98",",,W","62",",,W","15.0",",,W","23.9",",,W",,,,,,,,,,,,,,,,,,,,
"USW00003017","DENVER INTERNATIONAL AIRPORT, CO US","2020-08-10","9.40",",,W","0.00",",,W,2400","0.0",",,W","0.0",",,W","76","H,,S","88",",,W","60",",,W","18.1",",,W","25.9",",,W",,,,,,,,,,,,,,,,,,,,
"USW00003017","DENVER INTERNATIONAL AIRPORT, CO US","2020-08-11","9.17",",,W","0.00",",,W,2400","0.0",",,W","0.0",",,W","79","H,,S","97",",,W","64",",,W","21.9",",,W","32.0",",,W",,,,,,,,,,,,,,,,,,,,
"USW00003017","DENVER INTERNATIONAL AIRPORT, CO US","2020-08-12","8.05",",,W","0.00",",,W,2400","0.0",",,W","0.0",",,W","77","H,,S","97",",,W","55",",,W","23.9",",,W","33.1",",,W",,,,,,,,,,,,,,,,,,,,
"USW00003017","DENVER INTERNATIONAL AIRPORT, CO US","2020-08-13","7.61",",,W","0.00",",,W,2400","0.0",",,W","0.0",",,W","79","H,,S","96",",,W","61",",,W","23.9",",,W","33.1",",,W",,,,,,,,,,,,,,,,,,,,
"USW00003017","DENVER INTERNATIONAL AIRPORT, CO US","2020-08-14","13.20",",,W","0.00",",,W,2400","0.0",",,W","0.0",",,W","80","H,,S","92",",,W","59",",,W","25.1",",,W","32.0",",,W",,,,,,,,,,,,,,,"    1",",,W",,,,
"USW00003017","DENVER INTERNATIONAL AIRPORT, CO US","2020-08-15","10.07",",,W","0.00",",,W,2400","0.0",",,W","0.0",",,W","74","H,,S","93",",,W","57",",,W","18.1",",,W","28.0",",,W",,,,,,,,,,,,,,,,,,,,
"USW00003017","DENVER INTERNATIONAL AIRPORT, CO US","2020-08-16","9.17",",,W","0.00",",,W,2400","0.0",",,W","0.0",",,W","79","H,,S","96",",,W","64",",,W","21.0",",,W","28.0",",,W",,,,,,,,,,,,,,,,,,,,
"USW00003017","DENVER INTERNATIONAL AIRPORT, CO US","2020-08-17","9.62",",,W","0.00",",,W,2400","0.0",",,W","0.0",",,W","80","H,,S","98",",,W","65",",,W","23.9",",,W","33.1",",,W",,,,,,,,,,,,,,,,,,,,
"USW00003017","DENVER INTERNATIONAL AIRPORT, CO US","2020-08-18","9.62",",,W","0.00",",,W,2400","0.0",",,W","0.0",",,W","83","H,,S","100",",,W","67",",,W","18.1",",,W","27.1",",,W",,,,,,,,,,,,,,,,,,,,
"USW00003017","DENVER INTERNATIONAL AIRPORT, CO US","2020-08-19","10.29",",,W","0.00","T,,W,2400","0.0",",,W","0.0",",,W","80","H,,S","95",",,W","64",",,W","25.9",",,W","33.1",",,W",,,,,"    1",",,W",,,,,,,,,,,,,,
"USW00003017","DENVER INTERNATIONAL AIRPORT, CO US","2020-08-20","9.62",",,W","0.07",",,W,2400","0.0",",,W","0.0",",,W","77","H,,S","93",",,W","61",",,W","25.1",",,W","35.1",",,W",,,,,"    1",",,W",,,,,,,,,,,,,,
"USW00003017","DENVER INTERNATIONAL AIRPORT, CO US","2020-08-21","8.50",",,W","0.00",",,W,2400","0.0",",,W","0.0",",,W","76","H,,S","94",",,W","61",",,W","16.1",",,W","21.9",",,W",,,,,,,,,,,,,,,"    1",",,W",,,,
"USW00003017","DENVER INTERNATIONAL AIRPORT, CO US","2020-08-22","10.51",",,W","0.00",",,W,2400","0.0",",,W","0.0",",,W","79","H,,S","97",",,W","65",",,W","21.9",",,W","29.1",",,W",,,,,,,,,,,,,,,"    1",",,W",,,,
"USW00003017","DENVER INTERNATIONAL AIRPORT, CO US","2020-08-23","9.40",",,W","0.00",",,W,2400","0.0",",,W","0.0",",,W","79","H,,S","98",",,W","60",",,W","18.1",",,W","25.1",",,W",,,,,,,,,,,,,,,"    1",",,W",,,,
"USW00003017","DENVER INTERNATIONAL AIRPORT, CO US","2020-08-24","8.28",",,W","0.00",",,W,2400","0.0",",,W","0.0",",,W","82","H,,S","98",",,W","68",",,W","23.0",",,W","29.1",",,W",,,,,,,,,,,,,,,"    1",",,W",,,,
"USW00003017","DENVER INTERNATIONAL AIRPORT, CO US","2020-08-25","10.29",",,W","0.00",",,W,2400","0.0",",,W","0.0",",,W","84","H,,S","98",",,W","68",",,W","36.0",",,W","47.0",",,W",,,,,"    1",",,W",,,,,,,,,"    1",",,W",,,,
"USW00003017","DENVER INTERNATIONAL AIRPORT, CO US","2020-08-26","12.75",",,W","0.15",",,W,2400","0.0",",,W","0.0",",,W","81","H,,S","97",",,W","65",",,W","29.1",",,W","40.9",",,W",,,,,"    1",",,W",,,,,,,,,,,,,,
"USW00003017","DENVER INTERNATIONAL AIRPORT, CO US","2020-08-27","8.28",",,W","0.00",",,W,2400","0.0",",,W","0.0",",,W","75","H,,S","96",",,W","59",",,W","25.9",",,W","35.1",",,W",,,,,,,,,,,,,,,,,,,,
"USW00003017","DENVER INTERNATIONAL AIRPORT, CO US","2020-08-28","9.62",",,W","0.01",",,W,2400","0.0",",,W","0.0",",,W","74","H,,S","80",",,W","58",",,W","21.9",",,W","29.1",",,W",,,,,,,,,,,,,,,,,,,,
"USW00003017","DENVER INTERNATIONAL AIRPORT, CO US","2020-08-29","9.17",",,W","0.00","T,,W,2400","0.0",",,W","0.0",",,W","65","H,,S","79",",,W","53",",,W","31.1",",,W","40.0",",,W",,,,,,,,,,,,,,,,,,,,
"USW00003017","DENVER INTERNATIONAL AIRPORT, CO US","2020-08-30","14.09",",,W","0.00",",,W,2400","0.0",",,W","0.0",",,W","73","H,,S","91",",,W","53",",,W","31.1",",,W","42.1",",,W",,,,,,,,,,,,,,,,,,,,
"USW00003017","DENVER INTERNATIONAL AIRPORT, CO US","2020-08-31","10.51",",,W","0.10",",,W,2400","0.0",",,W","0.0",",,W","65","H,,S","82",",,W","46",",,W","23.0",",,W","32.0",",,W",,,,,,,,,,,,,,,,,,,,
"USW00003017","DENVER INTERNATIONAL AIRPORT, CO US","2020-09-01","6.04",",,W","0.00",",,W,2400","0.0",",,W","0.0",",,W","64","H,,S","80",",,W","51",",,W","16.1",",,W","21.0",",,W",,,,,,,,,,,,,,,,,,,,
"USW00003017","DENVER INTERNATIONAL AIRPORT, CO US","2020-09-02","6.71",",,W","0.00",",,W,2400","0.0",",,W","0.0",",,W","69","H,,S","92",",,W","52",",,W","13.0",",,W","16.1",",,W",,,,,,,,,,,,,,,,,,,,
"USW00003017","DENVER INTERNATIONAL AIRPORT, CO US","2020-09-03","10.51",",,W","0.00",",,W,2400","0.0",",,W","0.0",",,W","72","H,,S","89",",,W","56",",,W","23.9",",,W","32.0",",,W",,,,,,,,,,,,,,,,,,,,
"USW00003017","DENVER INTERNATIONAL AIRPORT, CO US","2020-09-04","8.28",",,W","0.00",",,W,2400","0.0",",,W","0.0",",,W","74","H,,S","91",",,W","58",",,W","16.1",",,W","21.0",",,W",,,,,,,,,,,,,,,,,,,,
"USW00003017","DENVER INTERNATIONAL AIRPORT, CO US","2020-09-05","8.50",",,W","0.00",",,W,2400","0.0",",,W","0.0",",,W","78","H,,S","101",",,W","61",",,W","17.0",",,W","31.1",",,W",,,,,,,,,,,,,,,,,,,,
"USW00003017","DENVER INTERNATIONAL AIRPORT, CO US","2020-09-06","10.29",",,W","0.00",",,W,2400","0.0",",,W","0.0",",,W","82","H,,S","97",",,W","67",",,W","16.1",",,W","21.9",",,W",,,,,,,,,,,,,,,"    1",",,W",,,,
"USW00003017","DENVER INTERNATIONAL AIRPORT, CO US","2020-09-07","13.42",",,W","0.15",",,W,2400","0.0",",,W","0.0",",,W","74","H,,S","93",",,W","43",",,W","33.1",",,W","40.9",",,W","    1",",,W",,,"    1",",,W",,,,,,,,,"    1",",,W",,,,
"USW00003017","DENVER INTERNATIONAL AIRPORT, CO US","2020-09-08","14.99",",,W","0.72",",,W,2400","1.0",",,W","0.0",",,W","43","H,,S","43",",,W","31",",,W","25.9",",,W","35.1",",,W","    1",",,W","    1",",,W",,,,,,,,,,,,,,,,
"USW00003017","DENVER INTERNATIONAL AIRPORT, CO US","2020-09-09","6.26",",,W","0.02",",,W,2400","0.0","T,,W","1.2",",O,W","33","H,,S","42",",,W","31",",,W","13.0",",,W","16.1",",,W","    1",",,W",,,,,,,,,,,,,,,,,,
"USW00003017","DENVER INTERNATIONAL AIRPORT, CO US","2020-09-10","6.04",",,W","0.01",",,W,2400","0.0",",,W","0.0",",,W","42","H,,S","54",",,W","35",",,W","14.1",",,W","19.0",",,W","    1",",,W",,,,,,,,,,,,,,,,,,
"USW00003017","DENVER INTERNATIONAL AIRPORT, CO US","2020-09-11","8.28",",,W","0.00",",,W,2400","0.0",",,W","0.0",",,W","52","H,,S","70",",,W","37",",,W","23.0",",,W","34.0",",,W","    1",",,W",,,,,,,,,,,,,"    1",",,W",,,,
"USW00003017","DENVER INTERNATIONAL AIRPORT, CO US","2020-09-12","9.40",",,W","0.00",",,W,2400","0.0",",,W","0.0",",,W","62","H,,S","81",",,W","47",",,W","18.1",",,W","25.1",",,W",,,,,,,,,,,,,,,"    1",",,W",,,,
"USW00003017","DENVER INTERNATIONAL AIRPORT, CO US","2020-09-13","8.05",",,W","0.00",",,W,2400","0.0",",,W","0.0",",,W","66","H,,S","86",",,W","51",",,W","16.1",",,W","21.0",",,W",,,,,,,,,,,,,,,,,,,,
"USW00003017","DENVER INTERNATIONAL AIRPORT, CO US","2020-09-14","8.72",",,W","0.00",",,W,2400","0.0",",,W","0.0",",,W","70","H,,S","89",",,W","53",",,W","23.0",",,W","34.0",",,W",,,,,,,,,,,,,,,,,,,,
"USW00003017","DENVER INTERNATIONAL AIRPORT, CO US","2020-09-15","8.72",",,W","0.00",",,W,2400","0.0",",,W","0.0",",,W","72","H,,S","89",",,W","58",",,W","16.1",",,W","19.9",",,W",,,,,,,,,,,,,,,,,,,,
"USW00003017","DENVER INTERNATIONAL AIRPORT, CO US","2020-09-16","8.28",",,W","0.00",",,W,2400","0.0",",,W","0.0",",,W","67","H,,S","75",",,W","54",",,W","15.0",",,W","19.0",",,W",,,,,,,,,,,,,,,"    1",",,W",,,,
"USW00003017","DENVER INTERNATIONAL AIRPORT, CO US","2020-09-17","8.28",",,W","0.00",",,W,2400","0.0",",,W","0.0",",,W","65","H,,S","86",",,W","51",",,W","15.0",",,W","19.9",",,W",,,,,,,,,,,,,,,"    1",",,W",,,,
"USW00003017","DENVER INTERNATIONAL AIRPORT, CO US","2020-09-18","8.05",",,W","0.00",",,W,2400","0.0",",,W","0.0",",,W","67","H,,S","86",",,W","51",",,W","18.1",",,W","25.9",",,W",,,,,,,,,,,,,,,"    1",",,W",,,,
"USW00003017","DENVER INTERNATIONAL AIRPORT, CO US","2020-09-19","6.04",",,W","0.00",",,W,2400","0.0",",,W","0.0",",,W","73","H,,S","90",",,W","57",",,W","16.1",",,W","21.0",",,W",,,,,,,,,,,,,,,,,,,,
"USW00003017","DENVER INTERNATIONAL AIRPORT, CO US","2020-09-20","7.38",",,W","0.00","T,,W,2400","0.0",",,W","0.0",",,W","72","H,,S","86",",,W","53",",,W","25.9",",,W","36.9",",,W",,,,,,,,,,,,,,,"    1",",,W",,,,
"USW00003017","DENVER INTERNATIONAL AIRPORT, CO US","2020-09-21","8.50",",,W","0.00",",,W,2400","0.0",",,W","0.0",",,W","69","H,,S","88",",,W","51",",,W","13.0",",,W","21.9",",,W",,,,,,,,,,,,,,,,,,,,
"USW00003017","DENVER INTERNATIONAL AIRPORT, CO US","2020-09-22","8.05",",,W","0.00",",,W,2400","0.0",",,W","0.0",",,W","71","H,,S","87",",,W","56",",,W","23.9",",,W","34.0",",,W",,,,,"    1",",,W",,,,,,,,,,,,,,
"USW00003017","DENVER INTERNATIONAL AIRPORT, CO US","2020-09-23","6.93",",,W","0.00",",,W,2400","0.0",",,W","0.0",",,W","72","H,,S","86",",,W","57",",,W","18.1",",,W","23.9",",,W",,,,,,,,,,,,,,,,,,,,
"USW00003017","DENVER INTERNATIONAL AIRPORT, CO US","2020-09-24","9.40",",,W","0.00",",,W,2400","0.0",",,W","0.0",",,W","72","H,,S","91",",,W","59",",,W","17.0",",,W","21.9",",,W",,,,,,,,,,,,,,,,,,,,
"USW00003017","DENVER INTERNATIONAL AIRPORT, CO US","2020-09-25","8.72",",,W","0.00",",,W,2400","0.0",",,W","0.0",",,W","72","H,,S","87",",,W","61",",,W","16.1",",,W","21.0",",,W",,,,,,,,,,,,,,,,,,,,
"USW00003017","DENVER INTERNATIONAL AIRPORT, CO US","2020-09-26","10.29",",,W","0.00",",,W,2400","0.0",",,W","0.0",",,W","74","H,,S","88",",,W","54",",,W","23.9",",,W","33.1",",,W",,,,,,,,,,,,,,,"    1",",,W",,,,
"USW00003017","DENVER INTERNATIONAL AIRPORT, CO US","2020-09-27","10.74",",,W","0.03",",,W,2400","0.0",",,W","0.0",",,W","55","H,,S","56",",,W","42",",,W","23.9",",,W","36.0",",,W",,,,,,,,,,,,,,,,,,,,
"USW00003017","DENVER INTERNATIONAL AIRPORT, CO US","2020-09-28","8.28",",,W","0.00",",,W,2400","0.0",",,W","0.0",",,W","48","H,,S","62",",,W","37",",,W","21.0",",,W","28.0",",,W",,,,,,,,,,,,,,,,,,,,
"USW00003017","DENVER INTERNATIONAL AIRPORT, CO US","2020-09-29","9.62",",,W","0.00",",,W,2400","0.0",",,W","0.0",",,W","59","H,,S","81",",,W","48",",,W","16.1",",,W","21.9",",,W",,,,,,,,,,,,,,,,,,,,
"USW00003017","DENVER INTERNATIONAL AIRPORT, CO US","2020-09-30","8.50",",,W","0.00",",,W,2400","0.0",",,W","0.0",",,W","62","H,,S","74",",,W","44",",,W","18.1",",,W","23.0",",,W",,,,,,,,,,,,,,,,,,,,
"USW00003017","DENVER INTERNATIONAL AIRPORT, CO US","2020-10-01","4.70",",,W","0.00",",,W,2400","0.0",",,W","0.0",",,W","53","H,,S","68",",,W","42",",,W","14.1",",,W","19.0",",,W",,,,,,,,,,,,,,,,,,,,
"USW00003017","DENVER INTERNATIONAL AIRPORT, CO US","2020-10-02","7.61",",,W","0.00",",,W,2400","0.0",",,W","0.0",",,W","58","H,,S","76",",,W","43",",,W","21.9",",,W","32.0",",,W",,,,,,,,,,,,,,,,,,,,
"USW00003017","DENVER INTERNATIONAL AIRPORT, CO US","2020-10-03","7.16",",,W","0.00",",,W,2400","0.0",",,W","0.0",",,W","55","H,,S","66",",,W","42",",,W","13.0",",,W","16.1",",,W",,,,,,,,,,,,,,,,,,,,
"USW00003017","DENVER INTERNATIONAL AIRPORT, CO US","2020-10-04","9.17",",,W","0.00",",,W,2400","0.0",",,W","0.0",",,W","60","H,,S","83",",,W","44",",,W","16.1",",,W","23.0",",,W",,,,,,,,,,,,,,,,,,,,
"USW00003017","DENVER INTERNATIONAL AIRPORT, CO US","2020-10-05","9.62",",,W","0.00",",,W,2400","0.0",",,W","0.0",",,W","67","H,,S","83",",,W","45",",,W","28.0",",,W","35.1",",,W",,,,,,,,,,,,,,,,,,,,
"USW00003017","DENVER INTERNATIONAL AIRPORT, CO US","2020-10-06","8.72",",,W","0.00",",,W,2400","0.0",",,W","0.0",",,W","64","H,,S","87",",,W","43",",,W","15.0",",,W","23.0",",,W",,,,,,,,,,,,,,,,,,,,
"USW00003017","DENVER INTERNATIONAL AIRPORT, CO US","2020-10-07","8.95",",,W","0.00",",,W,2400","0.0",",,W","0.0",",,W","66","H,,S","84",",,W","51",",,W","16.1",",,W","19.0",",,W",,,,,,,,,,,,,,,"    1",",,W",,,,
"USW00003017","DENVER INTERNATIONAL AIRPORT, CO US","2020-10-08","8.05",",,W","0.00",",,W,2400","0.0",",,W","0.0",",,W","64","H,,S","85",",,W","47",",,W","14.1",",,W","18.1",",,W",,,,,,,,,,,,,,,,,,,,
"USW00003017","DENVER INTERNATIONAL AIRPORT, CO US","2020-10-09","9.40",",,W","0.00",",,W,2400","0.0",",,W","0.0",",,W","69","H,,S","85",",,W","55",",,W","16.1",",,W","21.0",",,W",,,,,,,,,,,,,,,,,,,,
"USW00003017","DENVER INTERNATIONAL AIRPORT, CO US","2020-10-10","10.29",",,W","0.00",",,W,2400","0.0",",,W","0.0",",,W","67","H,,S","86",",,W","46",",,W","23.9",",,W","32.0",",,W",,,,,,,,,,,,,,,,,,,,
"USW00003017","DENVER INTERNATIONAL AIRPORT, CO US","2020-10-11","16.78",",,W","0.00",",,W,2400","0.0",",,W","0.0",",,W","66","H,,S","79",",,W","37",",,W","46.1",",,W","59.1",",,W",,,,,,,,,,,,,,,"    1",",,W",,,,
"USW00003017","DENVER INTERNATIONAL AIRPORT, CO US","2020-10-12","13.20",",,W","0.00",",,W,2400","0.0",",,W","0.0",",,W","52","H,,S","76",",,W","32",",,W","32.0",",,W","44.1",",,W",,,,,,,,,,,,,,,,,,,,
"USW00003017","DENVER INTERNATIONAL AIRPORT, CO US","2020-10-13","11.86",",,W","0.00",",,W,2400","0.0",",,W","0.0",",,W","63","H,,S","81",",,W","39",",,W","29.1",",,W","38.9",",,W",,,,,,,,,,,,,,,,,,,,
"USW00003017","DENVER INTERNATIONAL AIRPORT, CO US","2020-10-14","13.65",",,W","0.00",",,W,2400","0.0",",,W","0.0",",,W","68","H,,S","80",",,W","42",",,W","31.1",",,W","40.9",",,W",,,,,,,,,,,,,,,,,,,,
"USW00003017","DENVER INTERNATIONAL AIRPORT, CO US","2020-10-15","8.50",",,W","0.00",",,W,2400","0.0",",,W","0.0",",,W","43","H,,S","53",",,W","27",",,W","25.1",",,W","36.9",",,W",,,,,,,,,,,,,,,,,,,,
"USW00003017","DENVER INTERNATIONAL AIRPORT, CO US","2020-10-16","10.51",",,W","0.00",",,W,2400","0.0",",,W","0.0",",,W","41","H,,S","70",",,W","22",",,W","29.1",",,W","38.9",",,W",,,,,,,,,,,,,,,,,,,,
"USW00003017","DENVER INTERNATIONAL AIRPORT, CO US","2020-10-17","11.63",",,W","0.00",",,W,2400","0.0",",,W","0.0",",,W","64","H,,S","70",",,W","38",",,W","35.1",",,W","48.1",",,W",,,,,,,,,,,,,,,,,,,,
"USW00003017","DENVER INTERNATIONAL AIRPORT, CO US","2020-10-18","9.84",",,W","0.00",",,W,2400","0.0",",,W","0.0",",,W","42","H,,S","50",",,W","28",",,W","16.1",",,W","19.9",",,W","    1",",,W",,,,,,,,,,,,,,,,,,
"USW00003017","DENVER INTERNATIONAL AIRPORT, CO US","2020-10-19","7.16",",,W","0.00",",,W,2400","0.0",",,W","0.0",",,W","45","H,,S","66",",,W","30",",,W","18.1",",,W","25.1",",,W",,,,,,,,,,,,,,,,,,,,
"USW00003017","DENVER INTERNATIONAL AIRPORT, CO US","2020-10-20","9.40",",,W","0.00",",,W,2400","0.0",",,W","0.0",",,W","53","H,,S","66",",,W","36",",,W","21.9",",,W","28.0",",,W",,,,,,,,,,,,,,,"    1",",,W",,,,
"USW00003017","DENVER INTERNATIONAL AIRPORT, CO US","2020-10-21","8.95",",,W","0.00",",,W,2400","0.0",",,W","0.0",",,W","51","H,,S","78",",,W","35",",,W","19.9",",,W","25.1",",,W",,,,,,,,,,,,,,,,,,,,
"USW00003017","DENVER INTERNATIONAL AIRPORT, CO US","2020-10-22","12.75",",,W","0.00","T,,W,2400","0.0",",,W","0.0",",,W","43","H,,S","54",",,W","22",",,W","23.9",",,W","31.1",",,W","    1",",,W","    1",",,W",,,,,,,"    1",",,W",,,"    1",",,W",,,,
"USW00003017","DENVER INTERNATIONAL AIRPORT, CO US","2020-10-23","7.83",",,W","0.00",",,W,2400","0.0",",,W","0.0",",,W","26","H,,S","36",",,W","20",",,W","18.1",",,W","23.0",",,W",,,,,,,,,,,,,,,,,,,,
"USW00003017","DENVER INTERNATIONAL AIRPORT, CO US","2020-10-24","9.84",",,W","0.00",",,W,2400","0.0",",,W","0.0",",,W","33","H,,S","54",",,W","20",",,W","23.9",",,W","31.1",",,W","    1",",,W",,,,,,,,,,,,,"    1",",,W",,,,
"USW00003017","DENVER INTERNATIONAL AIRPORT, CO US","2020-10-25","12.97",",,W","0.18",",,W,2400","2.9",",,W","0.0",",,W","21","H,,S","24",",,W","8",",,W","19.9",",,W","25.9",",,W","    1",",,W",,,,,,,,,,,,,"    1",",,W",,,,
"USW00003017","DENVER INTERNATIONAL AIRPORT, CO US","2020-10-26","5.59",",,W","0.08",",,W,2400","1.1",",,W","3.1",",,W","10","H,,S","16",",,W","4",",,W","12.1",",,W","14.1",",,W","    1",",,W",,,,,,,,,,,,,"    1",",,W",,,,
"USW00003017","DENVER INTERNATIONAL AIRPORT, CO US","2020-10-27","9.17",",,W","0.00",",,W,2400","0.0",",,W","2.0",",,W","20","H,,S","43",",,W","8",",,W","16.1",",,W","18.1",",,W",,,,,,,,,,,,,,,,,,,,
"USW00003017","DENVER INTERNATIONAL AIRPORT, CO US","2020-10-28","11.41",",,W","0.00",",,W,2400","0.0",",,W","0.0","T,,W","36","H,,S","53",",,W","28",",,W","25.1",",,W","33.1",",,W",,,,,,,,,,,,,,,,,,,,
"USW00003017","DENVER INTERNATIONAL AIRPORT, CO US","2020-10-29","7.38",",,W","0.00",",,W,2400","0.0",",,W","0.0",",,W","46","H,,S","68",",,W","32",",,W","17.0",",,W","21.9",",,W",,,,,,,,,,,,,,,,,,,,
"USW00003017","DENVER INTERNATIONAL AIRPORT, CO US","2020-10-30","8.72",",,W","0.00",",,W,2400","0.0",",,W","0.0",",,W","51","H,,S","70",",,W","38",",,W","17.0",",,W","21.9",",,W",,,,,,,,,,,,,,,,,,,,
"USW00003017","DENVER INTERNATIONAL AIRPORT, CO US","2020-10-31","10.74",",,W","0.00",",,W,2400","0.0",",,W","0.0",",,W","53","H,,S","65",",,W","31",",,W","21.9",",,W","28.0",",,W",,,,,,,,,,,,,,,,,,,,
"USW00003017","DENVER INTERNATIONAL AIRPORT, CO US","2020-11-01","8.05",",,W","0.00",",,W,2400","0.0",",,W","0.0",",,W","46","H,,S","68",",,W","31",",,W","16.1",",,W","19.9",",,W",,,,,,,,,,,,,,,,,,,,
"USW00003017","DENVER INTERNATIONAL AIRPORT, CO US","2020-11-02","10.51",",,W","0.00",",,W,2400","0.0",",,W","0.0",",,W","55","H,,S","77",",,W","41",",,W","16.1",",,W","19.9",",,W",,,,,,,,,,,,,,,,,,,,
"USW00003017","DENVER INTERNATIONAL AIRPORT, CO US","2020-11-03","8.28",",,W","0.00",",,W,2400","0.0",",,W","0.0",",,W","60","H,,S","79",",,W","48",",,W","16.1",",,W","21.0",",,W",,,,,,,,,,,,,,,,,,,,
"USW00003017","DENVER INTERNATIONAL AIRPORT, CO US","2020-11-04","8.28",",,W","0.00",",,W,2400","0.0",",,W","0.0",",,W","61","H,,S","77",",,W","47",",,W","14.1",",,W","19.0",",,W",,,,,,,,,,,,,,,,,,,,
"USW00003017","DENVER INTERNATIONAL AIRPORT, CO US","2020-11-05","12.75",",,W","0.00",",,W,2400","0.0",",,W","0.0",",,W","60","H,,S","77",",,W","46",",,W","21.0",",,W","28.0",",,W",,,,,,,,,,,,,,,,,,,,
"USW00003017","DENVER INTERNATIONAL AIRPORT, CO US","2020-11-06","8.50",",,W","0.00",",,W,2400","0.0",",,W","0.0",",,W","60","H,,S","74",",,W","44",",,W","21.0",",,W","25.9",",,W",,,,,,,,,,,,,,,,,,,,
"USW00003017","DENVER INTERNATIONAL AIRPORT, CO US","2020-11-07","20.80",",,W","0.00",",,W,2400","0.0",",,W","0.0",",,W","64","H,,S","73",",,W","53",",,W","36.0",",,W","47.0",",,W",,,,,,,,,,,,,,,,,,,,
"USW00003017","DENVER INTERNATIONAL AIRPORT, CO US","2020-11-08","17.45",",,W","0.00","T,,W,2400","0.0","T,,W","0.0",",,W","57","H,,S","60",",,W","41",",,W","38.0",",,W","53.0",",,W",,,,,,,,,,,,,,,,,,,,
"USW00003017","DENVER INTERNATIONAL AIRPORT, CO US","2020-11-09","8.28",",,W","0.05",",,W,2400","0.0","T,,W","0.0",",,W","37","H,,S","43",",,W","25",",,W","16.1",",,W","21.0",",,W","    1",",,W",,,,,,,,,,,,,,,,,,
"USW00003017","DENVER INTERNATIONAL AIRPORT, CO US","2020-11-10","6.26",",,W","0.00",",,W,2400","0.0",",,W","0.0","T,,W","29","H,,S","48",",,W","16",",,W","16.1",",,W","21.0",",,W","    1",",,W",,,,,,,,,,,,,,,,,,
"USW00003017","DENVER INTERNATIONAL AIRPORT, CO US","2020-11-11","9.17",",,W","0.00",",,W,2400","0.0",",,W","0.0",",,W","34","H,,S","49",",,W","15",",,W","21.0",",,W","27.1",",,W",,,,,,,,,,,,,,,,,,,,
"USW00003017","DENVER INTERNATIONAL AIRPORT, CO US","2020-11-12","10.74",",,W","0.00",",,W,2400","0.0",",,W","0.0",",,W","31","H,,S","45",",,W","18",",,W","21.0",",,W","28.0",",,W",,,,,,,,,,,,,,,,,,,,
"USW00003017","DENVER INTERNATIONAL AIRPORT, CO US","2020-11-13","12.53",",,W","0.00",",,W,2400","0.0",",,W","0.0",",,W","39","H,,S","64",",,W","20",",,W","21.9",",,W","27.1",",,W",,,,,,,,,,,,,,,,,,,,
"USW00003017","DENVER INTERNATIONAL AIRPORT, CO US","2020-11-14","15.88",",,W","0.01",",,W,2400","0.0",",,W","0.0",",,W","45","H,,S","51",",,W","26",",,W","45.0",",,W","59.9",",,W",,,,,,,,,,,,,,,,,,,,
"USW00003017","DENVER INTERNATIONAL AIRPORT, CO US","2020-11-15","14.09",",,W","0.00",",,W,2400","0.0",",,W","0.0",",,W","38","H,,S","59",",,W","16",",,W","35.1",",,W","46.1",",,W",,,,,,,,,,,,,,,,,,,,
"USW00003017","DENVER INTERNATIONAL AIRPORT, CO US","2020-11-16","8.72",",,W","0.00",",,W,2400","0.0",",,W","0.0",",,W","48","H,,S","68",",,W","31",",,W","18.1",",,W","23.9",",,W",,,,,,,,,,,,,,,,,,,,
"USW00003017","DENVER INTERNATIONAL AIRPORT, CO US","2020-11-17","9.84",",,W","0.00",",,W,2400","0.0",",,W","0.0",",,W","52","H,,S","76",",,W","33",",,W","16.1",",,W","21.0",",,W",,,,,,,,,,,,,,,,,,,,
"USW00003017","DENVER INTERNATIONAL AIRPORT, CO US","2020-11-18","11.86",",,W","0.00",",,W,2400","0.0",",,W","0.0",",,W","57","H,,S","74",",,W","44",",,W","18.1",",,W","30.0",",,W",,,,,,,,,,,,,,,,,,,,
"USW00003017","DENVER INTERNATIONAL AIRPORT, CO US","2020-11-19","12.53",",,W","0.00",",,W,2400","0.0",",,W","0.0",",,W","53","H,,S","65",",,W","32",",,W","19.9",",,W","23.9",",,W",,,,,,,,,,,,,,,,,,,,
"USW00003017","DENVER INTERNATIONAL AIRPORT, CO US","2020-11-20","11.86",",,W","0.00",",,W,2400","0.0",",,W","0.0",",,W","41","H,,S","56",",,W","29",",,W","21.9",",,W","36.0",",,W",,,,,,,,,,,,,,,,,,,,
"USW00003017","DENVER INTERNATIONAL AIRPORT, CO US","2020-11-21","6.04",",,W","0.00",",,W,2400","0.0",",,W","0.0",",,W","39","H,,S","49",",,W","28",",,W","13.0",",,W","16.1",",,W",,,,,,,,,,,,,,,,,,,,
"USW00003017","DENVER INTERNATIONAL AIRPORT, CO US","2020-11-22","8.28",",,W","0.00",",,W,2400","0.0",",,W","0.0",",,W","35","H,,S","51",",,W","19",",,W","18.1",",,W","27.1",",,W",,,,,,,,,,,,,,,,,,,,
"USW00003017","DENVER INTERNATIONAL AIRPORT, CO US","2020-11-23","6.71",",,W","0.00",",,W,2400","0.0",",,W","0.0",",,W","41","H,,S","66",",,W","27",",,W","16.1",",,W","19.9",",,W",,,,,,,,,,,,,,,,,,,,
"USW00003017","DENVER INTERNATIONAL AIRPORT, CO US","2020-11-24","10.74",",,W","0.44",",,W,2400","5.0",",,W","2.0",",,W","36","H,,S","42",",,W","18",",,W","21.9",",,W","30.0",",,W","    1",",,W","    1",",,W",,,,,,,,,,,"    1",",,W",,,,
"USW00003017","DENVER INTERNATIONAL AIRPORT, CO US","2020-11-25","8.05",",,W","0.00",",,W,2400","0.0",",,W","3.9",",,W","29","H,,S","45",",,W","14",",,W","18.1",",,W","23.0",",,W",,,,,,,,,,,,,,,,,,,,
"USW00003017","DENVER INTERNATIONAL AIRPORT, CO US","2020-11-26","9.17",",,W","0.00","T,,W,2400","0.0","T,,W","2.0",",,W","31","H,,S","40",",,W","18",",,W","16.1",",,W","19.9",",,W",,,,,,,,,,,,,,,,,,,,
"USW00003017","DENVER INTERNATIONAL AIRPORT, CO US","2020-11-27","8.05",",,W","0.00",",,W,2400","0.0",",,W","1.2",",,W","30","H,,S","40",",,W","18",",,W","15.0",",,W","19.0",",,W",,,,,,,,,,,,,,,,,,,,
"USW00003017","DENVER INTERNATIONAL AIRPORT, CO US","2020-11-28","8.72",",,W","0.00",",,W,2400","0.0",",,W","0.0","T,,W","35","H,,S","51",",,W","25",",,W","16.1",",,W","23.0",",,W",,,,,,,,,,,,,,,,,,,,
"USW00003017","DENVER INTERNATIONAL AIRPORT, CO US","2020-11-29","8.50",",,W","0.00",",,W,2400","0.0",",,W","0.0",",,W","34","H,,S","37",",,W","19",",,W","21.9",",,W","33.1",",,W",,,,,,,,,,,,,,,,,,,,
"USW00003017","DENVER INTERNATIONAL AIRPORT, CO US","2020-11-30","11.41",",,W","0.00",",,W,2400","0.0",",,W","0.0",",,W","34","H,,S","57",",,W","18",",,W","19.9",",,W","25.1",",,W",,,,,,,,,,,,,,,,,,,,
"USW00003017","DENVER INTERNATIONAL AIRPORT, CO US","2020-12-01","14.99",",,W","0.00",",,W,2400","0.0",",,W","0.0",",,W","37","H,,S","42",",,W","25",",,W","32.0",",,W","42.1",",,W",,,,,,,,,,,,,,,,,,,,
"USW00003017","DENVER INTERNATIONAL AIRPORT, CO US","2020-12-02","11.63",",,W","0.00",",,W,2400","0.0",",,W","0.0",",,W","26","H,,S","32",",,W","17",",,W","25.1",",,W","32.0",",,W",,,,,,,,,,,,,,,,,,,,
"USW00003017","DENVER INTERNATIONAL AIRPORT, CO US","2020-12-03","7.83",",,W","0.00",",,W,2400","0.0",",,W","0.0",",,W","28","H,,S","47",",,W","18",",,W","15.0",",,W","19.0",",,W",,,,,,,,,,,,,,,,,,,,
"USW00003017","DENVER INTERNATIONAL AIRPORT, CO US","2020-12-04","7.61",",,W","0.00",",,W,2400","0.0",",,W","0.0",",,W","39","H,,S","59",",,W","29",",,W","14.1",",,W","21.9",",,W",,,,,,,,,,,,,,,,,,,,
"USW00003017","DENVER INTERNATIONAL AIRPORT, CO US","2020-12-05","7.61",",,W","0.00",",,W,2400","0.0",",,W","0.0",",,W","40","H,,S","52",",,W","28",",,W","14.1",",,W","16.1",",,W",,,,,,,,,,,,,,,,,,,,
"USW00003017","DENVER INTERNATIONAL AIRPORT, CO US","2020-12-06","8.28",",,W","0.00",",,W,2400","0.0",",,W","0.0",",,W","41","H,,S","61",",,W","25",",,W","16.1",",,W","18.1",",,W",,,,,,,,,,,,,,,,,,,,
"USW00003017","DENVER INTERNATIONAL AIRPORT, CO US","2020-12-07","10.74",",,W","0.00",",,W,2400","0.0",",,W","0.0",",,W","44","H,,S","59",",,W","32",",,W","17.0",",,W","21.0",",,W",,,,,,,,,,,,,,,,,,,,
"USW00003017","DENVER INTERNATIONAL AIRPORT, CO US","2020-12-08","10.51",",,W","0.00",",,W,2400","0.0",",,W","0.0",",,W","45","H,,S","65",",,W","31",",,W","21.0",",,W","25.9",",,W",,,,,,,,,,,,,,,,,,,,
"USW00003017","DENVER INTERNATIONAL AIRPORT, CO US","2020-12-09","9.17",",,W","0.00",",,W,2400","0.0",",,W","0.0",",,W","47","H,,S","68",",,W","34",",,W","17.0",",,W","21.0",",,W",,,,,,,,,,,,,,,,,,,,
"USW00003017","DENVER INTERNATIONAL AIRPORT, CO US","2020-12-10","9.17",",,W","0.05",",,W,2400","0.5",",,W","0.0",",,W","40","H,,S","43",",,W","27",",,W","16.1",",,W","21.9",",,W","    1",",,W",,,,,,,,,,,,,,,,,,
"USW00003017","DENVER INTERNATIONAL AIRPORT, CO US","2020-12-11","5.37",",,W","0.11",",,W,2400","0.7",",,W","1.2",",,W","26","H,,S","27",",,W","12",",,W","12.1",",,W","15.0",",,W","    1",",,W",,,,,,,,,,,,,"    1",",,W",,,,
"USW00003017","DENVER INTERNATIONAL AIRPORT, CO US","2020-12-12","6.71",",,W","0.16",",,W,2400","2.0",",,W","2.0",",,W","18","H,,S","24",",,W","6",",,W","16.1",",,W","19.9",",,W","    1",",,W",,,,,,,,,,,,,"    1",",,W",,,,
"USW00003017","DENVER INTERNATIONAL AIRPORT, CO US","2020-12-13","9.17",",,W","0.01",",,W,2400","1.1",",,W","2.0",",,W","20","H,,S","29",",,W","8",",,W","23.0",",,W","30.0",",,W","    1",",,W",,,,,,,,,,,,,,,,,,
"USW00003017","DENVER INTERNATIONAL AIRPORT, CO US","2020-12-14","6.49",",,W","0.05",",,W,2400","0.3",",,W","2.0",",,W","18","H,,S","32",",,W","5",",,W","14.1",",,W","18.1",",,W","    1",",,W",,,,,,,,,,,,,"    1",",,W",,,,
"USW00003017","DENVER INTERNATIONAL AIRPORT, CO US","2020-12-15","9.62",",,W","0.03",",,W,2400","0.5",",,W","3.1",",,W","24","H,,S","32",",,W","8",",,W","19.9",",,W","25.9",",,W","    1",",,W",,,,,,,,,,,,,,,,,,
"USW00003017","DENVER INTERNATIONAL AIRPORT, CO US","2020-12-16","8.50",",,W","0.00",",,W,2400","0.0",",,W","3.1",",,W","23","H,,S","40",",,W","18",",,W","17.0",",,W","23.9",",,W",,,,,,,,,,,,,,,,,,,,
"USW00003017","DENVER INTERNATIONAL AIRPORT, CO US","2020-12-17","10.51",",,W","0.00",",,W,2400","0.0",",,W","2.0",",,W","31","H,,S","47",",,W","21",",,W","21.0",",,W","25.1",",,W",,,,,,,,,,,,,,,,,,,,
"USW00003017","DENVER INTERNATIONAL AIRPORT, CO US","2020-12-18","8.95",",,W","0.00","T,,W,2400","0.0","T,,W","2.0",",,W","33","H,,S","38",",,W","18",",,W","28.0",",,W","34.0",",,W","    1",",,W",,,,,,,,,,,,,,,,,,
"USW00003017","DENVER INTERNATIONAL AIRPORT, CO US","2020-12-19","12.08",",,W","0.00",",,W,2400","0.0",",,W","1.2",",,W","28","H,,S","44",",,W","16",",,W","32.0",",,W","42.9",",,W",,,,,,,,,,,,,,,,,,,,
"USW00003017","DENVER INTERNATIONAL AIRPORT, CO US","2020-12-20","14.76",",,W","0.00",",,W,2400","0.0",",,W","1.2",",,W","33","H,,S","49",",,W","17",",,W","28.0",",,W","38.9",",,W",,,,,,,,,,,,,,,,,,,,
"USW00003017","DENVER INTERNATIONAL AIRPORT, CO US","2020-12-21","11.41",",,W","0.00",",,W,2400","0.0",",,W","0.0","T,,W","48","H,,S","57",",,W","34",",,W","23.0",",,W","30.0",",,W",,,,,,,,,,,,,,,,,,,,
"USW00003017","DENVER INTERNATIONAL AIRPORT, CO US","2020-12-22","14.99",",,W","0.00",",,W,2400","0.0",",,W","0.0",",,W","45","H,,S","63",",,W","28",",,W","46.1",",,W","59.9",",,W",,,,,,,,,,,,,,,,,,,,
"USW00003017","DENVER INTERNATIONAL AIRPORT, CO US","2020-12-23","18.57",",,W","0.00",",,W,2400","0.0",",,W","0.0",",,W","30","H,,S","30",",,W","13",",,W","36.0",",,W","46.1",",,W",,,,,,,,,,,,,,,,,,,,
"USW00003017","DENVER INTERNATIONAL AIRPORT, CO US","2020-12-24","9.62",",,W","0.00",",,W,2400","0.0",",,W","0.0",",,W","30","H,,S","52",",,W","19",",,W","17.0",",,W","23.0",",,W",,,,,,,,,,,,,,,,,,,,
"USW00003017","DENVER INTERNATIONAL AIRPORT, CO US","2020-12-25","11.63",",,W","0.00",",,W,2400","0.0",",,W","0.0",",,W","42","H,,S","60",",,W","31",",,W","21.0",",,W","25.9",",,W",,,,,,,,,,,,,,,,,,,,
"USW00003017","DENVER INTERNATIONAL AIRPORT, CO US","2020-12-26","9.40",",,W","0.00",",,W,2400","0.0",",,W","0.0",",,W","43","H,,S","61",",,W","29",",,W","25.1",",,W","33.1",",,W",,,,,,,,,,,,,,,,,,,,
"USW00003017","DENVER INTERNATIONAL AIRPORT, CO US","2020-12-27","12.08",",,W","0.00",",,W,2400","0.0",",,W","0.0",",,W","40","H,,S","46",",,W","26",",,W","25.9",",,W","35.1",",,W",,,,,,,,,,,,,,,,,,,,
"USW00003017","DENVER INTERNATIONAL AIRPORT, CO US","2020-12-28","4.92",",,W","0.16",",,W,2400","1.9",",,W","0.0",",,W","30","H,,S","30",",,W","25",",,W","13.0",",,W","16.1",",,W","    1",",,W",,,,,,,,,,,,,,,,,,
"USW00003017","DENVER INTERNATIONAL AIRPORT, CO US","2020-12-29","6.93",",,W","0.00","T,,W,2400","0.0","T,,W","2.0",",,W","28","H,,S","33",",,W","15",",,W","14.1",",,W","18.1",",,W","    1",",,W","    1",",,W",,,,,,,,,,,"    1",",,W",,,,
"USW00003017","DENVER INTERNATIONAL AIRPORT, CO US","2020-12-30","9.17",",,W","0.00",",,W,2400","0.0",",,W","1.2",",,W","23","H,,S","44",",,W","7",",,W","17.0",",,W","21.9",",,W",,,,,,,,,,,,,,,,,,,,
"USW00003017","DENVER INTERNATIONAL AIRPORT, CO US","2020-12-31","4.70",",,W","0.00",",,W,2400","0.0",",,W","0.0","T,,W","27","H,,S","43",",,W","19",",,W","12.1",",,W","13.0",",,W",,,,,,,,,,,,,,,,,,,,
